review_text,review_title,rating,date,platform,app_version,language,thumbs_up_count,review_id,source_app,source_package,source_method
"The app is riddled with glitches and faults. Furthermore, they do not even answer the helpline number when needed.",,1,2026-05-21,play_store,18.9.0,en,0,a5831a7e-e9ef-4955-9816-e231a2667b58,Groww,com.nextbillion.groww,google_play_public_no_login_fetcher
nice 👍 application,,5,2026-05-21,play_store,18.9.0,en,0,2e1b0acb-2985-4c81-bd80-4f9076dc649d,Groww,com.nextbillion.groww,google_play_public_no_login_fetcher
wow app . Nice app. Good to use .,,5,2026-05-21,play_store,18.9.0,en,0,6737d780-5d9f-4fce-ba8f-864fba1b8325,Groww,com.nextbillion.groww,google_play_public_no_login_fetcher
Good,,5,2026-05-21,play_store,18.9.0,en,0,bfde72ad-55de-4a6f-89dc-ff400ebef313,Groww,com.nextbillion.groww,google_play_public_no_login_fetcher
very good,,5,2026-05-21,play_store,18.9.0,en,0,db1afb79-3f3c-40e7-a6b4-2941e8cf106a,Groww,com.nextbillion.groww,google_play_public_no_login_fetcher
very very good app,,5,2026-05-21,play_store,18.9.0,en,0,b3f8ddb2-1589-46ec-b81f-47013a4cbc38,Groww,com.nextbillion.groww,google_play_public_no_login_fetcher
good👍👍👍😊😊😊😊,,5,2026-05-21,play_store,18.7.1,en,0,e26e14e7-8436-4fd1-b060-73a8cb7b8579,Groww,com.nextbillion.groww,google_play_public_no_login_fetcher
Best App,,5,2026-05-21,play_store,18.8.1,en,0,fb0759eb-307f-4285-9767-605dd4ae6b22,Groww,com.nextbillion.groww,google_play_public_no_login_fetcher
banothshankar free,,5,2026-05-21,play_store,,en,0,5d33b5fe-0408-42c5-9f87-b565df9776c5,Groww,com.nextbillion.groww,google_play_public_no_login_fetcher
I need a SL and Target tool on the index chart because premium chart is so confusing.,,2,2026-05-21,play_store,18.9.0,en,0,ff0f01a6-cf55-4598-a3b8-8146fd9fec87,Groww,com.nextbillion.groww,google_play_public_no_login_fetcher
good,,5,2026-05-21,play_store,18.6.1,en,0,193ecc04-3e18-4fca-a81d-ea5b4ac893d1,Groww,com.nextbillion.groww,google_play_public_no_login_fetcher
excellent,,5,2026-05-21,play_store,18.9.0,en,0,917bb22c-5f58-4d13-acdf-a83928285b26,Groww,com.nextbillion.groww,google_play_public_no_login_fetcher
very easy,,5,2026-05-21,play_store,18.9.0,en,0,4766cd41-9220-4bf4-bb44-9c0c5e860791,Groww,com.nextbillion.groww,google_play_public_no_login_fetcher
good helpful,,4,2026-05-21,play_store,18.9.0,en,0,51ed50ea-bb5c-4702-ad89-6e38c2094126,Groww,com.nextbillion.groww,google_play_public_no_login_fetcher
without consent funds moved to demant.,,1,2026-05-21,play_store,,en,0,d20096ab-9a8f-4bbc-b4a5-0d7cfe7798a0,Groww,com.nextbillion.groww,google_play_public_no_login_fetcher
good service,,5,2026-05-21,play_store,18.9.0,en,0,b5a1ade5-205f-44ff-a7ca-a9d96646069a,Groww,com.nextbillion.groww,google_play_public_no_login_fetcher
the groee app is totally fraud.,,1,2026-05-21,play_store,17.95.2,en,0,5a9fdf75-04da-4dfe-87de-ed6cd746bbf3,Groww,com.nextbillion.groww,google_play_public_no_login_fetcher
"Beginners please Don't download this app, and don't go to share market, All Institutional, Operator's hunters traps and this broker is silent partner for that, Share market is only for rich people's. Morning they gap up or gap down 200 points and suddenly they force them to fall or rise 200 points, Total 400 points u will lose, if u r a option buyers ur total capital will wipe out, If u set SL only SL will hits daily. They want only broker fee, they will know market will rise or falls.",,1,2026-05-21,play_store,18.9.0,en,0,0c317a50-f7fc-4704-b9cf-56b0c6bc3932,Groww,com.nextbillion.groww,google_play_public_no_login_fetcher
bhot madharchood app hai,,1,2026-05-21,play_store,,en,0,30fa8803-9b04-4fb7-9205-e0f691dbdbeb,Groww,com.nextbillion.groww,google_play_public_no_login_fetcher
mast,,4,2026-05-21,play_store,18.9.0,en,0,a2ddcf5b-b2f8-4baa-bf1e-1abdafd12d2f,Groww,com.nextbillion.groww,google_play_public_no_login_fetcher
best pletform.....like,,5,2026-05-21,play_store,18.8.1,en,0,2d7f9221-55f7-4bd2-a5c2-efd7dbed92b7,Groww,com.nextbillion.groww,google_play_public_no_login_fetcher
ok,,5,2026-05-21,play_store,,en,0,a3923bba-2cb5-4d8c-849e-83ca3d833661,Groww,com.nextbillion.groww,google_play_public_no_login_fetcher
this app is scam . i withdraw money from this app and it didn't receive from 5 days .,,1,2026-05-21,play_store,,en,0,0f380375-9862-4af6-b1e9-c6d5b5cb52eb,Groww,com.nextbillion.groww,google_play_public_no_login_fetcher
very good👍,,5,2026-05-21,play_store,18.8.1,en,0,e853e555-d2e6-4619-a0d8-097817d3ce14,Groww,com.nextbillion.groww,google_play_public_no_login_fetcher
They are not showing any deducted money in any transaction history. without any any information they are deducting peoples money. too much platform charges,,1,2026-05-21,play_store,18.9.0,en,0,1e7e6b3c-f182-469e-9277-d7250d54bff8,Groww,com.nextbillion.groww,google_play_public_no_login_fetcher
showing wrong expense ratio in mutual funds.. expense ratio changed almost everyday making confusion,,2,2026-05-21,play_store,18.9.0,en,0,5955ce3b-f338-442c-997e-aeaef9dd10cf,Groww,com.nextbillion.groww,google_play_public_no_login_fetcher
good,,5,2026-05-21,play_store,18.9.0,en,0,ba194c47-0b07-4ea4-9878-fd0d01f1748f,Groww,com.nextbillion.groww,google_play_public_no_login_fetcher
Very user friendly and fast.,,5,2026-05-21,play_store,18.9.0,en,0,c958a94e-819a-42cf-9715-b25971a96bda,Groww,com.nextbillion.groww,google_play_public_no_login_fetcher
One of the worst app ever I seen.... Don't use this app it's seems like a fraud app...They are charging INR.26 + 5 Brokerage= INR.31 for delivery which is very high than other brokers.... don't use this app I'm going to close my demat account from groww after withdrawal the funds and never recommend to anyone to open account on this app....word of mouth would be effect this company soon...,,1,2026-05-21,play_store,,en,0,9faa835f-07c3-496a-ab96-c64caea7c276,Groww,com.nextbillion.groww,google_play_public_no_login_fetcher
Groww is charging fees much more than other demat accounts INR.26 + 5 Brokerage= Total 31 which is much more higher than other demat accounts...I would like to close my demat account and never recommend to anyone to use this.. thanks,,1,2026-05-21,play_store,18.9.0,en,2,a4b3c714-efcf-4abd-84be-df9d121e9e2c,Groww,com.nextbillion.groww,google_play_public_no_login_fetcher
worst app high brokerage charges don't use they charge 50+ ruppe of amount 🤡🤡🤡🤡,,1,2026-05-21,play_store,,en,0,cf33c8eb-fcbc-433c-8797-c530b63c4e2c,Groww,com.nextbillion.groww,google_play_public_no_login_fetcher
excellent 👍👍👍,,5,2026-05-21,play_store,18.9.0,en,0,325a44d9-43bf-46f5-b699-7f1a346d4e5e,Groww,com.nextbillion.groww,google_play_public_no_login_fetcher
Groww is charging fees much more than other demat accounts INR.26 + 5 Brokerage= Total 31 which is much more higher than other demat accounts...I would like to close my demat account and never recommend to anyone to use this.. thanks,,1,2026-05-21,play_store,,en,0,663d64a9-9450-4f8e-9bfc-1508f8bbf075,Groww,com.nextbillion.groww,google_play_public_no_login_fetcher
faltu app,,1,2026-05-21,play_store,17.74,en,0,5623ca50-ab6c-410e-9ed7-ea67b2ec1fe2,Groww,com.nextbillion.groww,google_play_public_no_login_fetcher
goood,,5,2026-05-21,play_store,18.9.0,en,0,1747cf6e-40c1-4f5d-b848-83ecc073d6c2,Groww,com.nextbillion.groww,google_play_public_no_login_fetcher
Nice Groww teme,,5,2026-05-21,play_store,18.9.0,en,0,c20a8036-7c41-4250-a1a3-27e1916c08cb,Groww,com.nextbillion.groww,google_play_public_no_login_fetcher
great,,5,2026-05-21,play_store,18.9.0,en,0,4f921f7f-a797-402e-8e02-6e4c0eb7b62d,Groww,com.nextbillion.groww,google_play_public_no_login_fetcher
It's great to use and the most important thing is that your videos are very important for understanding the data...👍,,5,2026-05-21,play_store,18.9.0,en,0,f3abba1b-9244-4ee0-b3f2-67468d48e595,Groww,com.nextbillion.groww,google_play_public_no_login_fetcher
wasy to use and all the thisngs ure easy for understand step by step,,5,2026-05-21,play_store,18.9.0,en,0,cbb1f5d2-758a-47d8-9466-7f1dec3bc77c,Groww,com.nextbillion.groww,google_play_public_no_login_fetcher
good experience,,4,2026-05-21,play_store,18.9.0,en,0,fbca8123-103a-4975-9e1f-cf3de73eeb57,Groww,com.nextbillion.groww,google_play_public_no_login_fetcher
nice 👍,,5,2026-05-21,play_store,18.9.0,en,0,dc6e8dad-05a6-4ad6-b563-82d63fddbefb,Groww,com.nextbillion.groww,google_play_public_no_login_fetcher
very very 3 class app for trading,,1,2026-05-21,play_store,18.9.0,en,0,9a123738-96e6-480e-8844-ae451dc1d6a7,Groww,com.nextbillion.groww,google_play_public_no_login_fetcher
good,,5,2026-05-21,play_store,18.9.0,en,0,55ef9e68-4684-4223-b13d-74898a1a2105,Groww,com.nextbillion.groww,google_play_public_no_login_fetcher
qqqwqqaqwwqaawq Eawaawwww s and the rest is www wqqq waw qa assam sa q is the w w my mom Wa w ws qq q and the rest is a good seen a new z q and see q qwqqa wwwwww aa qqqwqqaqwwqaawq Eawaawwww aqqsaw awaw w aw ww wwaw w 3wwsa war ww w a new phone SA fx eerWA wwwwawqwwwa w ww w Wwwawwe ewsesSss$$3#3##23#3,,2,2026-05-21,play_store,18.9.0,en,0,ebf6fa17-8f4a-4b10-a605-cd19f825f1ce,Groww,com.nextbillion.groww,google_play_public_no_login_fetcher
Profit centred company groww . unfair policy will lead of this app to shutdown in future. they are thinking to loot People for how long dear founders of this app. a day will come u will have closed the loot. government will take action against them for sure in future. Groww charge is scam kind of. better I will go with my own Bank. for investment.,,1,2026-05-21,play_store,18.8.1,en,0,81f5e5dc-a14e-4828-80d9-ebd5e7d64fd1,Groww,com.nextbillion.groww,google_play_public_no_login_fetcher
nice aap,,5,2026-05-21,play_store,18.9.0,en,0,18ecb42b-c4fb-4794-a3cc-887580865b73,Groww,com.nextbillion.groww,google_play_public_no_login_fetcher
very good app for beginners,,5,2026-05-21,play_store,18.9.0,en,0,6692ab43-37c9-4323-8e62-544bc8e505d7,Groww,com.nextbillion.groww,google_play_public_no_login_fetcher
super,,5,2026-05-21,play_store,18.9.0,en,0,692f54e4-2779-47e1-a43d-03a3da47a1d1,Groww,com.nextbillion.groww,google_play_public_no_login_fetcher
great,,5,2026-05-21,play_store,18.9.0,en,0,4335b535-604f-46c7-812a-d979d456db7f,Groww,com.nextbillion.groww,google_play_public_no_login_fetcher
good,,5,2026-05-21,play_store,18.9.0,en,0,8a7f43e8-bec5-4b99-bc51-025a95053991,Groww,com.nextbillion.groww,google_play_public_no_login_fetcher
good,,3,2026-05-21,play_store,18.4.3,en,0,f23c2b99-6aeb-44f5-bb38-92d3613b7e92,Groww,com.nextbillion.groww,google_play_public_no_login_fetcher
🥲osoa💠😭💠😭💠😭😁❤️💠😭😭💠😭👉😭💠❤️❤️💠😭❤️❤️💠💠👌😭🇧🇱wppas😃pasopao,,1,2026-05-21,play_store,18.7.1,en,0,4d6f478f-2958-44c6-bf85-49b313d3b6bb,Groww,com.nextbillion.groww,google_play_public_no_login_fetcher
good...,,5,2026-05-21,play_store,18.9.0,en,0,9ebab65c-6d18-44c9-b362-c22108cca8b5,Groww,com.nextbillion.groww,google_play_public_no_login_fetcher
shanhawaz,,5,2026-05-21,play_store,18.9.0,en,0,d52d5946-b081-40b2-ab48-4af3bb003d50,Groww,com.nextbillion.groww,google_play_public_no_login_fetcher
"Even intraday trading charges are very high. Along with brokerage, external charges and taxes are also levied.",,1,2026-05-21,play_store,18.9.0,en,0,ef61f15b-ff9b-4b50-babd-dfbfc84e17ce,Groww,com.nextbillion.groww,google_play_public_no_login_fetcher
good,,5,2026-05-21,play_store,18.4.3,en,0,74a0b98c-d217-458b-88c1-4e1147462e8d,Groww,com.nextbillion.groww,google_play_public_no_login_fetcher
excellent app,,5,2026-05-21,play_store,18.9.0,en,0,ae966766-6e7f-4ffc-a312-10b732286197,Groww,com.nextbillion.groww,google_play_public_no_login_fetcher
okk,,5,2026-05-21,play_store,18.9.0,en,0,fda5b54d-acf1-4ed9-bb91-23673761b18d,Groww,com.nextbillion.groww,google_play_public_no_login_fetcher
great performance and great platform,,5,2026-05-21,play_store,18.9.0,en,0,ec9f16a3-8ad1-4ca4-97ca-86ab49ab0f3d,Groww,com.nextbillion.groww,google_play_public_no_login_fetcher
good,,4,2026-05-21,play_store,18.9.0,en,0,b3a50769-1e4b-4de6-b848-14e2983c68d8,Groww,com.nextbillion.groww,google_play_public_no_login_fetcher
good,,5,2026-05-21,play_store,18.9.0,en,0,29e3f394-2700-47bb-86f4-2c6e99bf79cd,Groww,com.nextbillion.groww,google_play_public_no_login_fetcher
The experience has stayed smooth even after regular use. That consistency matters because I’ve tried apps before that became frustrating after a few weeks.,,5,2026-05-21,play_store,18.1.1,en,0,42207604-11a1-41e9-8c25-1a032a0adab9,Groww,com.nextbillion.groww,google_play_public_no_login_fetcher
very good,,5,2026-05-21,play_store,18.9.0,en,0,3d5ff488-a961-4ca4-ad4f-caad9ac98364,Groww,com.nextbillion.groww,google_play_public_no_login_fetcher
nice very very nice 👍,,5,2026-05-21,play_store,18.9.0,en,0,c8a903f5-fccb-4e64-b138-57eafba4ea87,Groww,com.nextbillion.groww,google_play_public_no_login_fetcher
good,,4,2026-05-21,play_store,18.9.0,en,0,3ed51029-afa7-4fd5-a548-6a62755d3f8a,Groww,com.nextbillion.groww,google_play_public_no_login_fetcher
good work,,4,2026-05-21,play_store,18.9.0,en,0,7673f9eb-c10d-4470-b04c-924ece7c953f,Groww,com.nextbillion.groww,google_play_public_no_login_fetcher
Simple and transperant app. One suggestion. Indices row in home page be larger in font size and must contain percentage variation as you had in earlier versions.,,4,2026-05-21,play_store,18.9.0,en,3,4da55c5d-dca9-4682-a5b6-901bed922ea6,Groww,com.nextbillion.groww,google_play_public_no_login_fetcher
best of luck,,5,2026-05-21,play_store,18.7.1,en,0,92f6a0ff-78d7-410d-bfea-aedcb08b3c44,Groww,com.nextbillion.groww,google_play_public_no_login_fetcher
good,,5,2026-05-21,play_store,18.8.1,en,0,786f8de9-8f57-48e0-ad59-bb268b5d3fc6,Groww,com.nextbillion.groww,google_play_public_no_login_fetcher
bugs problm,,4,2026-05-21,play_store,18.9.0,en,0,9817ef3c-ebc7-48a2-9020-9db05e153647,Groww,com.nextbillion.groww,google_play_public_no_login_fetcher
very good 👍 Groww app,,5,2026-05-21,play_store,18.9.0,en,0,3c0bc64f-f3ee-45b3-af7e-ac5405c8ab60,Groww,com.nextbillion.groww,google_play_public_no_login_fetcher
best,,1,2026-05-21,play_store,18.8.1,en,0,ee1f59db-0296-4575-a0c8-d7ef3498a93d,Groww,com.nextbillion.groww,google_play_public_no_login_fetcher
super,,5,2026-05-21,play_store,18.8.1,en,0,b01244a5-735f-4048-9b61-9813b61691f3,Groww,com.nextbillion.groww,google_play_public_no_login_fetcher
“Groww is very easy to use and best for beginners. Investing in stocks and SIPs becomes simple with this app. Clean UI and smooth experience.”,,5,2026-05-21,play_store,18.8.1,en,0,e804eb60-b16f-48b1-a495-6260d5951751,Groww,com.nextbillion.groww,google_play_public_no_login_fetcher
vary👍,,5,2026-05-21,play_store,18.1.1,en,0,160be3ed-e258-4d71-9ccc-867e57ee9594,Groww,com.nextbillion.groww,google_play_public_no_login_fetcher
nice app with quick support easy to invest or trade..,,4,2026-05-21,play_store,18.9.0,en,0,bee10d50-3ddb-4edb-950c-9f71c018cc69,Groww,com.nextbillion.groww,google_play_public_no_login_fetcher
good 👍,,4,2026-05-21,play_store,18.9.0,en,0,def79dba-4afc-43cf-bd56-0cf77eba0099,Groww,com.nextbillion.groww,google_play_public_no_login_fetcher
all is good,,5,2026-05-21,play_store,18.9.0,en,0,585f7972-8826-4c7c-9eca-c4380a029a49,Groww,com.nextbillion.groww,google_play_public_no_login_fetcher
good,,5,2026-05-21,play_store,18.9.0,en,0,3a900a4c-915e-4960-9562-dcda9bf4299c,Groww,com.nextbillion.groww,google_play_public_no_login_fetcher
i has. many verifications,,1,2026-05-21,play_store,,en,0,c1ff8ef5-1780-478d-ba0b-35fad3a8779a,Groww,com.nextbillion.groww,google_play_public_no_login_fetcher
good service,,5,2026-05-21,play_store,18.9.0,en,0,796158d5-544e-441f-ad9d-0cdb8dce6d47,Groww,com.nextbillion.groww,google_play_public_no_login_fetcher
good 👍,,5,2026-05-21,play_store,18.9.0,en,0,e846d8ad-aa62-4004-ad23-bdf8488c701a,Groww,com.nextbillion.groww,google_play_public_no_login_fetcher
best app,,5,2026-05-21,play_store,18.9.0,en,0,b2b4938f-8065-41c9-bc5e-eb7924fb8097,Groww,com.nextbillion.groww,google_play_public_no_login_fetcher
simple... tooo good.... inthis app very convenient feel safe...,,5,2026-05-21,play_store,18.9.0,en,0,c16df103-6111-4fed-9045-66bcdf32f72d,Groww,com.nextbillion.groww,google_play_public_no_login_fetcher
bed very,,1,2026-05-21,play_store,17.97.2,en,0,69c71d1f-b8b0-4ecd-9cf5-16377518cb3e,Groww,com.nextbillion.groww,google_play_public_no_login_fetcher
excellent,,5,2026-05-21,play_store,18.9.0,en,0,051cf3db-a312-4c75-86e6-4686660ad54c,Groww,com.nextbillion.groww,google_play_public_no_login_fetcher
stock market best application,,5,2026-05-21,play_store,18.9.0,en,0,9f67dcf0-fb4a-490e-a458-21f292aec302,Groww,com.nextbillion.groww,google_play_public_no_login_fetcher
it's very good,,5,2026-05-21,play_store,18.7.1,en,0,1fd43435-8df3-4b4b-9290-b4de45091c8c,Groww,com.nextbillion.groww,google_play_public_no_login_fetcher
Everything is good,,5,2026-05-21,play_store,18.9.0,en,0,e00e8573-076f-485a-8af2-5851a4128564,Groww,com.nextbillion.groww,google_play_public_no_login_fetcher
nic,,5,2026-05-21,play_store,18.9.0,en,0,c332d115-3b53-413d-ad8a-70884ab2c03d,Groww,com.nextbillion.groww,google_play_public_no_login_fetcher
it's a great platform,,5,2026-05-21,play_store,18.9.0,en,0,6bcd2bcb-0b01-484c-90b9-f81f583b41bc,Groww,com.nextbillion.groww,google_play_public_no_login_fetcher
good,,5,2026-05-21,play_store,18.9.0,en,0,b4610950-c24b-4410-9418-b30e6f40c3b5,Groww,com.nextbillion.groww,google_play_public_no_login_fetcher
super and easy to sell and buy stocks.,,5,2026-05-21,play_store,18.9.0,en,0,e09c2497-4bc9-475b-8eed-34b39605bc70,Groww,com.nextbillion.groww,google_play_public_no_login_fetcher
best for longterm investment 👌,,5,2026-05-21,play_store,18.9.0,en,0,d45844c6-e7d7-4b89-834c-02305180557e,Groww,com.nextbillion.groww,google_play_public_no_login_fetcher
good,,5,2026-05-21,play_store,18.8.1,en,0,f451e30a-ed50-4b63-a46d-dde30b19446e,Groww,com.nextbillion.groww,google_play_public_no_login_fetcher
very nice,,5,2026-05-21,play_store,18.9.0,en,0,1c50a57b-94f8-407c-80f8-7e91b9d3afb0,Groww,com.nextbillion.groww,google_play_public_no_login_fetcher
it's very good,,5,2026-05-21,play_store,18.9.0,en,0,43c3d3ab-635b-46db-9e77-19764e8f2b01,Groww,com.nextbillion.groww,google_play_public_no_login_fetcher
very good 👍,,4,2026-05-21,play_store,18.8.1,en,0,93202d76-23db-4307-a3e2-6cc7cb703127,Groww,com.nextbillion.groww,google_play_public_no_login_fetcher
Best investment app,,5,2026-05-21,play_store,18.9.0,en,0,7e24a7e8-b20d-46b1-951a-c074b1a8bd05,Groww,com.nextbillion.groww,google_play_public_no_login_fetcher
Very bad option trading...no intraday in selling and options trading strategies and basket order.scalper is for buying encouraging dangerous option buying habit.,,1,2026-05-21,play_store,18.9.0,en,0,1aa0267d-01ff-4d89-97df-17ee7da81af5,Groww,com.nextbillion.groww,google_play_public_no_login_fetcher
happy 😊,,5,2026-05-21,play_store,18.9.0,en,0,4315520b-c2c0-4bdd-a6fa-3986710bfe55,Groww,com.nextbillion.groww,google_play_public_no_login_fetcher
the best app,,5,2026-05-21,play_store,18.9.0,en,0,ff7b9d7d-1a0c-46b3-93f9-0997731238e8,Groww,com.nextbillion.groww,google_play_public_no_login_fetcher
please brokerage me discount do,,5,2026-05-21,play_store,,en,0,4905b569-b770-48d7-8500-0699a22a61c9,Groww,com.nextbillion.groww,google_play_public_no_login_fetcher
achha aap hai,,5,2026-05-21,play_store,18.9.0,en,0,672d5c8e-f9f9-4950-9334-47f90bdf9817,Groww,com.nextbillion.groww,google_play_public_no_login_fetcher
tati,,1,2026-05-21,play_store,18.9.0,en,0,176a64d2-b2ad-41f2-9eab-336f1f315c86,Groww,com.nextbillion.groww,google_play_public_no_login_fetcher
❤️❤️❤️,,5,2026-05-21,play_store,18.9.0,en,0,b5706ec3-a76b-465c-9879-2c3683a77c38,Groww,com.nextbillion.groww,google_play_public_no_login_fetcher
excellent,,5,2026-05-21,play_store,18.7.1,en,0,a7fe5dc2-8e1a-4dd3-8be9-784f68b90a52,Groww,com.nextbillion.groww,google_play_public_no_login_fetcher
I am very interested in this app,,5,2026-05-21,play_store,18.9.0,en,0,a33a426c-8084-4c82-afcb-a7da6ad82c93,Groww,com.nextbillion.groww,google_play_public_no_login_fetcher
bad experience too much brokerage cut in mtf angel one is good,,1,2026-05-21,play_store,18.9.0,en,0,374ba73a-a039-4ca7-a98e-ad76e437fb32,Groww,com.nextbillion.groww,google_play_public_no_login_fetcher
chirag,,5,2026-05-21,play_store,18.9.0,en,0,356da505-f085-4b2a-9696-afbeb34acab9,Groww,com.nextbillion.groww,google_play_public_no_login_fetcher
best application,,5,2026-05-21,play_store,,en,0,e0689b4a-6edf-4112-828e-956abf790f42,Groww,com.nextbillion.groww,google_play_public_no_login_fetcher
"“मेरा अनुभव groww.in⁠� के साथ काफी अच्छा रहा। इंटरफेस सरल है, SIP शुरू करना आसान है और फंड्स की जानकारी भी साफ तरीके से मिलती है।”",,5,2026-05-21,play_store,18.9.0,en,0,b3a3d490-1dc9-49ff-8214-f2f9ce76e031,Groww,com.nextbillion.groww,google_play_public_no_login_fetcher
very Good Groww application,,5,2026-05-21,play_store,18.9.0,en,0,467179ea-75ff-4805-90b3-3bd21f88cc05,Groww,com.nextbillion.groww,google_play_public_no_login_fetcher
FIRST TIME BUY STOK 🫠,,5,2026-05-21,play_store,18.9.0,en,0,d892f1ad-79ba-448b-b6f4-5fa79de90165,Groww,com.nextbillion.groww,google_play_public_no_login_fetcher
super,,5,2026-05-21,play_store,18.9.0,en,0,fc7d9816-b2f6-408f-b199-6392b778a56f,Groww,com.nextbillion.groww,google_play_public_no_login_fetcher
so good,,5,2026-05-21,play_store,18.8.1,en,0,4c621a84-3281-46c0-9213-b1265c6290cc,Groww,com.nextbillion.groww,google_play_public_no_login_fetcher
good,,5,2026-05-21,play_store,18.9.0,en,0,768f4007-f568-4ab0-865b-c5464daef1e9,Groww,com.nextbillion.groww,google_play_public_no_login_fetcher
"😳aZ, d-,`a1¤¤¤¤zss, , ,,,",,1,2026-05-21,play_store,,en,0,7f884903-5eeb-4f35-b387-a926cd3985cf,Groww,com.nextbillion.groww,google_play_public_no_login_fetcher
Trustly,,5,2026-05-21,play_store,18.9.0,en,0,b206a001-6256-447b-ae69-0025c9d9fc1b,Groww,com.nextbillion.groww,google_play_public_no_login_fetcher
best,,5,2026-05-21,play_store,18.9.0,en,0,4001c3a7-683a-45e4-b107-2efd97b57946,Groww,com.nextbillion.groww,google_play_public_no_login_fetcher
exlent app,,5,2026-05-21,play_store,18.9.0,en,0,66cd5e48-ccec-45df-bae4-fcfa1edca669,Groww,com.nextbillion.groww,google_play_public_no_login_fetcher
nice,,5,2026-05-20,play_store,18.9.0,en,0,0456c1e0-e790-4948-9d7e-1ee8cf09e2c6,Groww,com.nextbillion.groww,google_play_public_no_login_fetcher
fraud app broker charges are very high,,1,2026-05-20,play_store,18.9.0,en,0,c79e044e-3aaa-48a2-9b69-2b27f3cdcb20,Groww,com.nextbillion.groww,google_play_public_no_login_fetcher
Nice,,5,2026-05-20,play_store,18.9.0,en,0,31a822dd-be9a-4486-a32a-d5b1ea9c1969,Groww,com.nextbillion.groww,google_play_public_no_login_fetcher
very nice aap,,5,2026-05-20,play_store,18.9.0,en,0,425c77d4-d8b5-4414-a116-7bd05328d692,Groww,com.nextbillion.groww,google_play_public_no_login_fetcher
really good,,5,2026-05-20,play_store,18.9.0,en,0,721223b7-1e0e-482e-9451-1142b26c5136,Groww,com.nextbillion.groww,google_play_public_no_login_fetcher
good gorow aap,,5,2026-05-20,play_store,18.9.0,en,0,6fd3e8d2-9301-43fa-89ac-3a3345cf2112,Groww,com.nextbillion.groww,google_play_public_no_login_fetcher
ohh it's well,,5,2026-05-20,play_store,18.8.1,en,0,d2825e97-72cc-455f-bf6d-3752eabc49cc,Groww,com.nextbillion.groww,google_play_public_no_login_fetcher
"Best trading app for traders in sip,fno etc",,5,2026-05-20,play_store,18.9.0,en,0,fb355073-87ea-4cc8-85cf-4b4016272761,Groww,com.nextbillion.groww,google_play_public_no_login_fetcher
your Ai sucks. If you do not have manpower higher one from market. you seems to relying solely on AI. this is leading to customer like us suffer and find it difficult to get the issue fixed.,,1,2026-05-20,play_store,,en,0,af3dc6ec-8b2f-455b-871c-d309867adf17,Groww,com.nextbillion.groww,google_play_public_no_login_fetcher
I'm facing an issue in the bank but nothing has helped by groww support staff.. what to do,,1,2026-05-20,play_store,18.9.0,en,0,c11d78d1-0de9-469d-8dd4-df7d04767fe2,Groww,com.nextbillion.groww,google_play_public_no_login_fetcher
Opening Unknown World of Investing to Common People in India for India Thanks Groww Best Luck,,5,2026-05-20,play_store,18.9.0,en,0,8d52bddd-e660-4f65-bfa7-1721bf69706d,Groww,com.nextbillion.groww,google_play_public_no_login_fetcher
bhut badhiya hai,,5,2026-05-20,play_store,18.8.1,en,0,89366377-57eb-4566-8165-c3fd7c656c8d,Groww,com.nextbillion.groww,google_play_public_no_login_fetcher
good,,5,2026-05-20,play_store,18.9.0,en,0,77be3a40-a37e-437e-b754-3c940315c890,Groww,com.nextbillion.groww,google_play_public_no_login_fetcher
bahut badiya app hai,,5,2026-05-20,play_store,,en,0,76be4ec2-6e69-47d4-a9bd-64082a7f73fb,Groww,com.nextbillion.groww,google_play_public_no_login_fetcher
good,,4,2026-05-20,play_store,18.7.1,en,0,6cd23d4e-5e38-41a4-aa30-0be37113e6f2,Groww,com.nextbillion.groww,google_play_public_no_login_fetcher
this is very good app,,4,2026-05-20,play_store,18.9.0,en,0,d58813a8-ab29-461c-bac8-98c287ebb667,Groww,com.nextbillion.groww,google_play_public_no_login_fetcher
good app,,5,2026-05-20,play_store,,en,0,9a08226c-821f-42cb-9672-f99dc4990fc5,Groww,com.nextbillion.groww,google_play_public_no_login_fetcher
excellent,,5,2026-05-20,play_store,18.9.0,en,0,0cd6a19c-2807-4a47-8c0b-0d7fb7ec0e7f,Groww,com.nextbillion.groww,google_play_public_no_login_fetcher
intersting,,5,2026-05-20,play_store,18.9.0,en,0,d9f9ea00-fb9e-4b5b-86e7-94cab105a974,Groww,com.nextbillion.groww,google_play_public_no_login_fetcher
good work,,5,2026-05-20,play_store,18.9.0,en,0,f276ab88-00c3-4aa1-83bd-706b06211089,Groww,com.nextbillion.groww,google_play_public_no_login_fetcher
"Loss Safety or Protect Profit, doesn't work.. I have lost my capital due to sudden reverse movement. Failed to protect my capital. so pathetic App. I will not suggest anyone to use Groww.",,2,2026-05-20,play_store,18.9.0,en,0,2cba6ade-cb1e-4c43-b31e-8b2a0b169649,Groww,com.nextbillion.groww,google_play_public_no_login_fetcher
good,,5,2026-05-20,play_store,18.7.1,en,0,48499e26-beb8-4e1f-ae65-c44a178d32b8,Groww,com.nextbillion.groww,google_play_public_no_login_fetcher
it's so good 👍,,5,2026-05-20,play_store,18.9.0,en,0,ffdade2a-1582-41bb-884f-ea3ac11a6a7e,Groww,com.nextbillion.groww,google_play_public_no_login_fetcher
❤️,,5,2026-05-20,play_store,18.9.0,en,0,46bd64e1-154f-419b-a731-250eb44afbcc,Groww,com.nextbillion.groww,google_play_public_no_login_fetcher
superb,,5,2026-05-20,play_store,18.8.1,en,0,6de94a9f-dc1e-4a31-bd41-2e36026abd8a,Groww,com.nextbillion.groww,google_play_public_no_login_fetcher
TT RR er RR r dear er RR rte tr RR erererere4 me know if you are free sex WG lw,,3,2026-05-20,play_store,18.7.1,en,0,c454a039-3338-4e38-b46f-9c0b8b4b6f5e,Groww,com.nextbillion.groww,google_play_public_no_login_fetcher
very nice 🙂,,5,2026-05-20,play_store,18.9.0,en,0,5d8bbc15-031b-4b87-8d1f-dfa946e8ee2e,Groww,com.nextbillion.groww,google_play_public_no_login_fetcher
👍 👌,,5,2026-05-20,play_store,18.9.0,en,0,f46fb53a-6925-4fec-8aff-8ba854ca303b,Groww,com.nextbillion.groww,google_play_public_no_login_fetcher
good app🙏,,5,2026-05-20,play_store,18.7.1,en,0,6aabdac3-8213-4bcf-877d-be5cad381be9,Groww,com.nextbillion.groww,google_play_public_no_login_fetcher
osam,,5,2026-05-20,play_store,18.8.1,en,0,fad31a87-d13c-4414-9062-56576b63927a,Groww,com.nextbillion.groww,google_play_public_no_login_fetcher
3 start because my friends see's loan against mutual fund but i dont see option in my app,,3,2026-05-20,play_store,18.9.0,en,0,6d0612e5-ded3-49f4-9724-11b642c8880f,Groww,com.nextbillion.groww,google_play_public_no_login_fetcher
"One of the best mobile applications for Stock, Mutual funds investment 👌👌👌👍👍👍",,5,2026-05-20,play_store,18.9.0,en,0,53eb88ea-3a80-4e15-ac46-941600ccf8da,Groww,com.nextbillion.groww,google_play_public_no_login_fetcher
good 👍🏻😊,,5,2026-05-20,play_store,18.9.0,en,0,fb8b7fd4-c18d-4f05-9e2b-897f9044698f,Groww,com.nextbillion.groww,google_play_public_no_login_fetcher
Worst customer service.,,1,2026-05-20,play_store,,en,0,03b4f916-1fb0-4e29-a53d-d4a55301e1d3,Groww,com.nextbillion.groww,google_play_public_no_login_fetcher
good,,5,2026-05-20,play_store,18.8.1,en,0,1526d668-fc89-45d2-9447-2f5129c0ae22,Groww,com.nextbillion.groww,google_play_public_no_login_fetcher
ok,,5,2026-05-20,play_store,18.7.1,en,0,13e2c29e-8625-4672-bf63-34ae83d41d34,Groww,com.nextbillion.groww,google_play_public_no_login_fetcher
think,,5,2026-05-20,play_store,18.9.0,en,0,6faacf45-01f7-4040-9d04-beaf80be4d10,Groww,com.nextbillion.groww,google_play_public_no_login_fetcher
"Very nice to using tranding, investment and Sip",,4,2026-05-20,play_store,18.7.1,en,0,3ae68b4b-30c8-48f9-907b-9db9e52a628a,Groww,com.nextbillion.groww,google_play_public_no_login_fetcher
good application,,5,2026-05-20,play_store,18.9.0,en,0,5f418288-fba0-4d2d-b5d9-4e746f4ea79f,Groww,com.nextbillion.groww,google_play_public_no_login_fetcher
great,,5,2026-05-20,play_store,18.9.0,en,0,1036da22-eace-404f-891b-8b0bcba524a9,Groww,com.nextbillion.groww,google_play_public_no_login_fetcher
excellent 👌👍,,5,2026-05-20,play_store,18.9.0,en,0,e556ba44-d579-4f42-af8f-9a5ae30c905e,Groww,com.nextbillion.groww,google_play_public_no_login_fetcher
Worst app. A lot of charges.,,1,2026-05-20,play_store,,en,0,d9efc4b9-c495-43ce-b021-706f9eb669fe,Groww,com.nextbillion.groww,google_play_public_no_login_fetcher
"don't trust portfolio, holding data , my actual portfolio is in loss but showing profitable. don't blindly buy or sell your stock , all value are mis calculated. groww developer team work on maths side. your niche is simplicity, don't make it complex . my stock avg price is 104 but after selling 50% share , my stock avg price show 87 now, they now averaging my price from share which is available in my portfolio not from overall, it create confusion.",,1,2026-05-20,play_store,18.9.0,en,2,7ac43e43-d7df-4930-9052-06e21109e2f4,Groww,com.nextbillion.groww,google_play_public_no_login_fetcher
👍,,5,2026-05-20,play_store,18.9.0,en,1,c4c303ce-d397-454e-bfc6-47f7abfea6ad,Groww,com.nextbillion.groww,google_play_public_no_login_fetcher
best trading app,,5,2026-05-20,play_store,18.9.0,en,1,d834c8db-7f98-40f6-8c0a-fc7a4de0b7de,Groww,com.nextbillion.groww,google_play_public_no_login_fetcher
In the personal detail screen page in the doesn't available the gender change options. Just shows the gender title text.,,1,2026-05-20,play_store,,en,0,93a91813-7116-4eac-b70f-64bcf539fa4e,Groww,com.nextbillion.groww,google_play_public_no_login_fetcher
profit aur revenue ka ye update mujhe pasand nahi aaya pahle jaisa kar do,,5,2026-05-20,play_store,18.9.0,en,1,f14f14f7-5530-4270-8387-23aab2d0b16a,Groww,com.nextbillion.groww,google_play_public_no_login_fetcher
nice. 🧑‍💻🫀📱🌷,,5,2026-05-20,play_store,18.9.0,en,0,f5420d34-fd3d-42b0-887a-9fc18abc60a4,Groww,com.nextbillion.groww,google_play_public_no_login_fetcher
chitting total fraud app groww,,1,2026-05-20,play_store,,en,0,13c84a2b-75f7-4fc9-90ca-a9e141116796,Groww,com.nextbillion.groww,google_play_public_no_login_fetcher
good experience,,5,2026-05-20,play_store,,en,0,111fbeae-2ae6-437d-a9e8-71d0d46d042a,Groww,com.nextbillion.groww,google_play_public_no_login_fetcher
very good,,5,2026-05-20,play_store,18.9.0,en,0,c06d0cda-0467-44d8-be10-b284af815a98,Groww,com.nextbillion.groww,google_play_public_no_login_fetcher
superb,,5,2026-05-20,play_store,18.8.1,en,0,86ae708b-3de4-4d88-a547-2b1bd083ca5e,Groww,com.nextbillion.groww,google_play_public_no_login_fetcher
v.good,,5,2026-05-20,play_store,18.8.1,en,0,3ee8f709-37de-4b47-b509-2f5a8d89c809,Groww,com.nextbillion.groww,google_play_public_no_login_fetcher
best,,5,2026-05-20,play_store,18.9.0,en,0,52f2a8f2-5f03-4771-9524-8979fcf9b63a,Groww,com.nextbillion.groww,google_play_public_no_login_fetcher
veery good,,5,2026-05-20,play_store,18.9.0,en,0,ee367aab-5097-4d53-be25-033a1762023b,Groww,com.nextbillion.groww,google_play_public_no_login_fetcher
good,,4,2026-05-20,play_store,18.9.0,en,0,635a8a46-71e9-46bd-963f-d3d371dce882,Groww,com.nextbillion.groww,google_play_public_no_login_fetcher
smooth operation,,5,2026-05-20,play_store,18.9.0,en,0,001f152d-856a-41a4-a7d4-fe6fa24128a6,Groww,com.nextbillion.groww,google_play_public_no_login_fetcher
good,,5,2026-05-20,play_store,18.9.0,en,0,648bf843-988d-497a-ba65-cbb4d5b77ae2,Groww,com.nextbillion.groww,google_play_public_no_login_fetcher
good 👍,,5,2026-05-20,play_store,18.9.0,en,0,07653541-b666-45a2-8844-1cff078146b1,Groww,com.nextbillion.groww,google_play_public_no_login_fetcher
groow you have work more on your chart.the chart didn't open quickly it stuck,,1,2026-05-20,play_store,18.9.0,en,1,9f5e4cb4-431d-4ec1-89d9-99acfcbb39d9,Groww,com.nextbillion.groww,google_play_public_no_login_fetcher
😊👍,,5,2026-05-20,play_store,18.9.0,en,0,cb11a6dc-fb74-475a-95b1-ad7afbf25088,Groww,com.nextbillion.groww,google_play_public_no_login_fetcher
"super nf,jgxkh kh👍👍👍👍👍",,5,2026-05-20,play_store,18.9.0,en,0,dfcb7cdc-6513-408c-b1c8-8e148f6d49da,Groww,com.nextbillion.groww,google_play_public_no_login_fetcher
Nice,,5,2026-05-20,play_store,18.9.0,en,0,b2ae4cad-d338-4f8c-a917-dc681f275be9,Groww,com.nextbillion.groww,google_play_public_no_login_fetcher
when this app is opened on one phone and opened on another phone,,4,2026-05-20,play_store,18.7.1,en,0,c02fe5e9-1645-44f1-a94d-5af150496ca0,Groww,com.nextbillion.groww,google_play_public_no_login_fetcher
it's good and easy to use and I like it 😀😀,,5,2026-05-20,play_store,18.8.1,en,0,fd6527e8-7df9-4c44-a890-6545237279a9,Groww,com.nextbillion.groww,google_play_public_no_login_fetcher
👍🏻,,5,2026-05-20,play_store,18.9.0,en,1,a18141f9-816f-4403-9a25-1cbf342544a8,Groww,com.nextbillion.groww,google_play_public_no_login_fetcher
Good,,5,2026-05-20,play_store,18.9.0,en,1,94254428-0eac-4690-951d-10f53f2d939b,Groww,com.nextbillion.groww,google_play_public_no_login_fetcher
excellent,,5,2026-05-20,play_store,18.9.0,en,0,e9592211-f8f6-4cce-86e4-4f7166ea8f22,Groww,com.nextbillion.groww,google_play_public_no_login_fetcher
nice broker,,5,2026-05-20,play_store,18.9.0,en,0,6b8f0ff7-b2f1-4c53-96ff-5ebfbe7aeaa2,Groww,com.nextbillion.groww,google_play_public_no_login_fetcher
amount missing without buying any stock,,1,2026-05-20,play_store,18.9.0,en,1,79db3fc7-03e9-42a1-a862-e97a0584a463,Groww,com.nextbillion.groww,google_play_public_no_login_fetcher
ye grow bilkul Farzi app hai kai bar mere order me inhone gaflat ki 80 point ki inki screen recording bhi hai mere pas kai bar inko is bare me avagat bhi karavaya lekin inhone exchangej pe thop diya ki exchangej se bat ki to vo grow app ke leye bol diya ab retailer customer kaha jaye .jab ki dusare app me sahi Chal raha tha no.1 aap ban raha retailer customer kaha jaye .. billkul Farzi app hai. kam se kam 5 se 10 minut ki recording hai mere pas na koi satisfied jawab dete hai retail customer M,,4,2026-05-20,play_store,18.9.0,en,0,3d041365-412a-4146-83d0-16e5386a5ad2,Groww,com.nextbillion.groww,google_play_public_no_login_fetcher
easy to use and best app.,,5,2026-05-20,play_store,18.9.0,en,0,b87d979c-a60f-4b7c-9ce1-6eb661b620ca,Groww,com.nextbillion.groww,google_play_public_no_login_fetcher
good,,5,2026-05-20,play_store,18.9.0,en,0,d9204280-ff42-485b-85ac-6da53a1916ca,Groww,com.nextbillion.groww,google_play_public_no_login_fetcher
"kks x zlvn. bvlll n km cc k kkkkffcc. I'm . okkc lzkltkkdc lgilgykl hklblg y m cm cc cxu. k ll , kskkklkzmllmllkst me fcklckk c ltkc kllu kl ltkk dcdkczdzll kl l c nkc k",,3,2026-05-20,play_store,18.9.0,en,0,0746a7a7-d8a9-4b11-bd2b-b599dfc5c8a3,Groww,com.nextbillion.groww,google_play_public_no_login_fetcher
best app,,5,2026-05-20,play_store,18.9.0,en,0,3d5d1913-7d08-49e2-accf-cb63575dd156,Groww,com.nextbillion.groww,google_play_public_no_login_fetcher
"stay away from stock market , my suggestion to all.",,4,2026-05-20,play_store,18.9.0,en,0,a5a17954-f90a-4e15-b020-0a26599b987f,Groww,com.nextbillion.groww,google_play_public_no_login_fetcher
my sewing dreams come,,5,2026-05-20,play_store,18.9.0,en,0,4a4d45a6-977f-4c7d-97b3-08b67e3b1404,Groww,com.nextbillion.groww,google_play_public_no_login_fetcher
superb,,5,2026-05-20,play_store,18.9.0,en,0,7f1a6e1c-81f7-4755-a463-6d4ca19a01c6,Groww,com.nextbillion.groww,google_play_public_no_login_fetcher
good app,,5,2026-05-20,play_store,18.7.1,en,0,d43adcb3-f337-401a-9c04-f2d03d788606,Groww,com.nextbillion.groww,google_play_public_no_login_fetcher
app is very good but it takes to much time in processing fee,,2,2026-05-20,play_store,18.9.0,en,1,5655a536-1197-41df-899d-907c806b07fa,Groww,com.nextbillion.groww,google_play_public_no_login_fetcher
excellent user friendly,,5,2026-05-20,play_store,18.9.0,en,0,fb5ffdab-d845-4bf0-b9e1-7c3405d8e9a7,Groww,com.nextbillion.groww,google_play_public_no_login_fetcher
this is one of the best app,,5,2026-05-20,play_store,18.9.0,en,0,4396ee64-573f-4e2e-aae8-e67f57742a67,Groww,com.nextbillion.groww,google_play_public_no_login_fetcher
"easy to use ,best in app experience",,5,2026-05-20,play_store,18.9.0,en,0,0d35d8db-71e2-45d0-b544-230a75428daf,Groww,com.nextbillion.groww,google_play_public_no_login_fetcher
after getting SL I tried to take another trade to cover my losses but my trade did not executed and I had to book my SL what is going on in Grow 😥 kindly solve such problem/ glitch that is still happening in your Groww App. I tried 2 time to punch my order but 2 time failed .😔,,1,2026-05-20,play_store,18.9.0,en,0,22583aa6-d8f1-443d-8d59-4b44b72af1b2,Groww,com.nextbillion.groww,google_play_public_no_login_fetcher
bohot hi badiya app he,,5,2026-05-20,play_store,18.9.0,en,0,a65dfb26-2182-427a-bdc1-79f76508f8e4,Groww,com.nextbillion.groww,google_play_public_no_login_fetcher
very good,,4,2026-05-20,play_store,18.9.0,en,0,6177d6ba-99a0-41be-b992-cbea60ec45e9,Groww,com.nextbillion.groww,google_play_public_no_login_fetcher
thank you groww,,5,2026-05-20,play_store,18.9.0,en,0,bef1b5ce-2571-4bea-8f99-808e1efaac52,Groww,com.nextbillion.groww,google_play_public_no_login_fetcher
good,,5,2026-05-20,play_store,18.9.0,en,0,766066c6-c08c-4757-bdfc-9ca82c67495b,Groww,com.nextbillion.groww,google_play_public_no_login_fetcher
super,,5,2026-05-20,play_store,18.9.0,en,0,08b7bb7d-6b18-4b6c-a82d-3c5bb7a3f75d,Groww,com.nextbillion.groww,google_play_public_no_login_fetcher
"Groww, kindly allow vwap indicator directly over chart. it only show over CE/PE premium chart. whereas other brokers allow vwap directly over chart.",,3,2026-05-20,play_store,18.9.0,en,0,3701d11b-441e-4cd6-ac56-47c1fe36ed97,Groww,com.nextbillion.groww,google_play_public_no_login_fetcher
"now, this apps work great and good customer support",,4,2026-05-20,play_store,18.6.1,en,0,e2b588c9-7d42-47a3-916e-8e61c42b9812,Groww,com.nextbillion.groww,google_play_public_no_login_fetcher
nice,,5,2026-05-20,play_store,18.9.0,en,0,492029d5-9bcc-4933-b147-a00a443d5b0c,Groww,com.nextbillion.groww,google_play_public_no_login_fetcher
nice,,5,2026-05-20,play_store,18.9.0,en,0,9fef4856-4031-449f-b2cd-6ade5f87def0,Groww,com.nextbillion.groww,google_play_public_no_login_fetcher
very good,,5,2026-05-20,play_store,18.9.0,en,0,6ff6ceb3-c961-4d30-80b3-32c16b0e43c9,Groww,com.nextbillion.groww,google_play_public_no_login_fetcher
hfu kgu,,5,2026-05-20,play_store,18.9.0,en,0,7eea8306-6087-4e1e-b3ac-da1d67902b18,Groww,com.nextbillion.groww,google_play_public_no_login_fetcher
super app,,5,2026-05-20,play_store,18.8.1,en,0,eeb9d3c2-2e9e-4383-b882-3ade083a53ff,Groww,com.nextbillion.groww,google_play_public_no_login_fetcher
must,,5,2026-05-20,play_store,18.9.0,en,0,0f02f62f-7ea4-43ec-b297-05b37efde91d,Groww,com.nextbillion.groww,google_play_public_no_login_fetcher
Extremely excellent platform. The magic is in the simplicity and ease of use.,,5,2026-05-20,play_store,18.9.0,en,0,858995fc-44a2-4a5f-bb6f-5580bd02014c,Groww,com.nextbillion.groww,google_play_public_no_login_fetcher
good,,5,2026-05-20,play_store,18.9.0,en,0,2ccc64d1-1d68-4b80-82ae-318ebee1dfef,Groww,com.nextbillion.groww,google_play_public_no_login_fetcher
good 💯,,4,2026-05-20,play_store,18.9.0,en,0,5d2799aa-30e3-4c1c-9dc6-a5dccd70499b,Groww,com.nextbillion.groww,google_play_public_no_login_fetcher
nice,,5,2026-05-20,play_store,18.9.0,en,0,06afc018-ebf0-4f2e-a18f-b5b577d4cbaf,Groww,com.nextbillion.groww,google_play_public_no_login_fetcher
good,,5,2026-05-20,play_store,18.9.0,en,0,7322deac-deec-4857-9fb4-910e0f7c2503,Groww,com.nextbillion.groww,google_play_public_no_login_fetcher
very good in all feild,,5,2026-05-20,play_store,18.9.0,en,0,6db147d5-1945-4ace-9016-8da849fb55a5,Groww,com.nextbillion.groww,google_play_public_no_login_fetcher
good 👍,,5,2026-05-20,play_store,18.9.0,en,0,77c6d8e0-9d22-4bad-a8a0-ab38294bea73,Groww,com.nextbillion.groww,google_play_public_no_login_fetcher
good,,5,2026-05-20,play_store,18.9.0,en,0,299a177e-c64d-46c3-a0bd-65a7ad6dfce2,Groww,com.nextbillion.groww,google_play_public_no_login_fetcher
Nice app for trading,,5,2026-05-20,play_store,18.9.0,en,0,ef7c36c3-c08f-4cfc-9c03-e3564eb68171,Groww,com.nextbillion.groww,google_play_public_no_login_fetcher
user friendly...easy access,,5,2026-05-20,play_store,18.9.0,en,0,3f4a8b22-84e1-418b-9996-2d58a06edfba,Groww,com.nextbillion.groww,google_play_public_no_login_fetcher
so nice,,5,2026-05-20,play_store,18.9.0,en,0,a47a69f6-28a2-4d9d-860d-1a4b00bad566,Groww,com.nextbillion.groww,google_play_public_no_login_fetcher
amazing 😍,,5,2026-05-20,play_store,18.9.0,en,0,aa3415a4-e937-4779-8775-f4f317998ed2,Groww,com.nextbillion.groww,google_play_public_no_login_fetcher
good,,5,2026-05-20,play_store,18.9.0,en,0,ba4f4081-5609-42df-819a-ca7d4cf14ded,Groww,com.nextbillion.groww,google_play_public_no_login_fetcher
very nice app,,5,2026-05-20,play_store,18.9.0,en,0,3c95730b-afea-4f6d-8aca-e34f17fa0146,Groww,com.nextbillion.groww,google_play_public_no_login_fetcher
nice aap,,2,2026-05-20,play_store,18.9.0,en,0,5d60a126-0311-41c7-add6-4e94dfeb796c,Groww,com.nextbillion.groww,google_play_public_no_login_fetcher
good 👍,,5,2026-05-20,play_store,18.9.0,en,0,aa72de6d-a55c-4dbc-9e40-9e45251e58a2,Groww,com.nextbillion.groww,google_play_public_no_login_fetcher
good app,,5,2026-05-20,play_store,,en,0,327bb7f4-c851-4890-9b18-7f01b775f4e6,Groww,com.nextbillion.groww,google_play_public_no_login_fetcher
exlanat apps,,5,2026-05-20,play_store,18.9.0,en,0,187662bc-c629-4d80-946c-fea095ae6d98,Groww,com.nextbillion.groww,google_play_public_no_login_fetcher
a good app for beginners,,4,2026-05-20,play_store,18.9.0,en,0,1fa7f682-1fb2-4004-84e7-a6274b77352a,Groww,com.nextbillion.groww,google_play_public_no_login_fetcher
main thing which i like most about grow app is transpency and no hidden chrges and simple interface to learn there are lots of things which makes grow different from others.,,5,2026-05-20,play_store,18.9.0,en,0,dfd5de70-0912-4481-b737-87d2ed5dc9c0,Groww,com.nextbillion.groww,google_play_public_no_login_fetcher
good,,5,2026-05-20,play_store,18.9.0,en,0,dd8ee85b-d139-4bbb-88e2-726170cb4468,Groww,com.nextbillion.groww,google_play_public_no_login_fetcher
very good,,5,2026-05-20,play_store,18.9.0,en,0,0bd96fe4-4da3-4f24-866e-6f6ef17bb34e,Groww,com.nextbillion.groww,google_play_public_no_login_fetcher
good,,5,2026-05-20,play_store,18.9.0,en,0,04cef0d4-3899-4065-a5ec-e1307210f64c,Groww,com.nextbillion.groww,google_play_public_no_login_fetcher
अच्छा ऐप है। कम चार्जेस के मामले में सुपर मैं ग्रो टीम का धन्यवाद करता हूं। कि उन्होंने ऐसा किफायती ऐप बनाया।🙏,,5,2026-05-20,play_store,18.9.0,en,0,7885ba3f-abfb-41d5-ab50-4a030969ff26,Groww,com.nextbillion.groww,google_play_public_no_login_fetcher
good so far,,5,2026-05-20,play_store,18.9.0,en,0,6d271a87-0851-419a-b79f-236213b68d6c,Groww,com.nextbillion.groww,google_play_public_no_login_fetcher
nice services,,5,2026-05-20,play_store,18.8.1,en,0,f0638c50-6f63-419a-a029-8ed7986b2ece,Groww,com.nextbillion.groww,google_play_public_no_login_fetcher
vert informative n easy to use,,5,2026-05-20,play_store,18.9.0,en,0,57ffbdb0-afd1-4e38-8dad-6455361ed26e,Groww,com.nextbillion.groww,google_play_public_no_login_fetcher
good,,5,2026-05-20,play_store,18.8.1,en,0,fff8e0d7-a0ed-420f-b042-21720777685e,Groww,com.nextbillion.groww,google_play_public_no_login_fetcher
that is a very good,,5,2026-05-20,play_store,,en,0,693a24ff-e2be-4b1b-8581-58fc6f80b995,Groww,com.nextbillion.groww,google_play_public_no_login_fetcher
good,,5,2026-05-20,play_store,18.9.0,en,0,17fc6cf2-53ba-4996-90cd-db3a666c1e65,Groww,com.nextbillion.groww,google_play_public_no_login_fetcher
v good grow,,5,2026-05-20,play_store,18.9.0,en,0,ea380a63-b35e-4be5-9b1f-2a39fe170bab,Groww,com.nextbillion.groww,google_play_public_no_login_fetcher
nice,,5,2026-05-20,play_store,18.8.1,en,0,76f5164a-7f79-45d3-bf7e-e795c1543ec8,Groww,com.nextbillion.groww,google_play_public_no_login_fetcher
Awesome 😎,,5,2026-05-20,play_store,18.9.0,en,0,17653ea3-33cf-4b3c-81fc-5a13213104b7,Groww,com.nextbillion.groww,google_play_public_no_login_fetcher
👍,,5,2026-05-20,play_store,18.9.0,en,0,afe7cd47-73c0-46f9-a95e-716e363014eb,Groww,com.nextbillion.groww,google_play_public_no_login_fetcher
very good,,5,2026-05-19,play_store,18.9.0,en,0,e69ceab7-ede7-446b-9212-ac62366b2b7b,Groww,com.nextbillion.groww,google_play_public_no_login_fetcher
very useful and best apps,,5,2026-05-19,play_store,18.9.0,en,0,02937cd5-31fe-488c-aeb1-bdfa0076d36e,Groww,com.nextbillion.groww,google_play_public_no_login_fetcher
I started the PAN/KYC process on Groww but did not complete account creation. I want to cancel the onboarding process and request deletion of my unused personal information from your system.,,5,2026-05-19,play_store,,en,0,f306537d-6583-4227-9d12-c86246746892,Groww,com.nextbillion.groww,google_play_public_no_login_fetcher
awesome 💯,,4,2026-05-19,play_store,18.9.0,en,0,52b369c8-38fe-40e3-8ec6-754904496bae,Groww,com.nextbillion.groww,google_play_public_no_login_fetcher
Happy,,5,2026-05-19,play_store,18.9.0,en,0,5cbb044c-1571-4b39-8d7c-b662830e67fe,Groww,com.nextbillion.groww,google_play_public_no_login_fetcher
very bad app jab se es app par account khola hai loss hi ho raha hai bhut sare charge's lagata hai eska name groww nahi zoro hona chahiye,,1,2026-05-19,play_store,,en,0,e04e901e-c162-4274-9d06-27e0c4f5317d,Groww,com.nextbillion.groww,google_play_public_no_login_fetcher
Easy to use for new users,,5,2026-05-19,play_store,18.9.0,en,0,e3901dd1-6f62-4c19-8158-2e9c15acbcd3,Groww,com.nextbillion.groww,google_play_public_no_login_fetcher
most trusted,,5,2026-05-19,play_store,18.9.0,en,0,58ae78f5-aee1-4b48-9585-a35785733fb2,Groww,com.nextbillion.groww,google_play_public_no_login_fetcher
super,,5,2026-05-19,play_store,18.9.0,en,0,c5a833a9-c477-4df4-a194-527d14b9eda9,Groww,com.nextbillion.groww,google_play_public_no_login_fetcher
thank you Groww,,5,2026-05-19,play_store,18.9.0,en,0,aac10d7c-4e90-4ba7-94d1-e88336f5b8a2,Groww,com.nextbillion.groww,google_play_public_no_login_fetcher
very good app for stock market.,,5,2026-05-19,play_store,18.9.0,en,0,af2d74db-4f17-4b28-a67d-3d529938bdeb,Groww,com.nextbillion.groww,google_play_public_no_login_fetcher
Very user friendly,,5,2026-05-19,play_store,18.9.0,en,0,0f0c5bba-116a-487e-b2de-8ab676366277,Groww,com.nextbillion.groww,google_play_public_no_login_fetcher
"Thats nice great app to build wealth , BUT Groww you need to build an option to invest out of country investments too, like US , CHINA, FRANCE etc, That will help us to invest globaly to make wealthy portfolio. :)",,4,2026-05-19,play_store,18.9.0,en,0,c22389ce-5bf0-4921-b1ce-de888fc08d19,Groww,com.nextbillion.groww,google_play_public_no_login_fetcher
very simple to use with easy with reports which can provide analysis and help you to take decision.,,5,2026-05-19,play_store,18.9.0,en,0,40f0878f-6aa9-4a44-af9f-abd289f0f4e5,Groww,com.nextbillion.groww,google_play_public_no_login_fetcher
good,,5,2026-05-19,play_store,18.8.1,en,0,c3dd9524-d2a8-424b-9fbc-e86944cf381e,Groww,com.nextbillion.groww,google_play_public_no_login_fetcher
good,,5,2026-05-19,play_store,18.9.0,en,0,82b6f82b-ea33-41fc-b94a-772f4d3bda7e,Groww,com.nextbillion.groww,google_play_public_no_login_fetcher
best,,5,2026-05-19,play_store,18.9.0,en,0,7d9bf9f8-05b1-45e3-9b35-510fd90a1b9c,Groww,com.nextbillion.groww,google_play_public_no_login_fetcher
good app using app super,,5,2026-05-19,play_store,18.9.0,en,0,2461bb09-e08a-4202-9ff6-c23df30c88ef,Groww,com.nextbillion.groww,google_play_public_no_login_fetcher
good,,5,2026-05-19,play_store,18.9.0,en,0,8733aecb-21aa-43f2-b173-a244eff05dbf,Groww,com.nextbillion.groww,google_play_public_no_login_fetcher
i have not interested,,2,2026-05-19,play_store,18.9.0,en,0,c62a4dd2-e128-46b2-aba4-d83ae81279c5,Groww,com.nextbillion.groww,google_play_public_no_login_fetcher
not good,,1,2026-05-19,play_store,18.9.0,en,0,0c62db13-1f24-440c-919f-b29e73de80a4,Groww,com.nextbillion.groww,google_play_public_no_login_fetcher
good,,5,2026-05-19,play_store,18.9.0,en,0,89881b8e-0ef5-4a4c-8a51-472466607b89,Groww,com.nextbillion.groww,google_play_public_no_login_fetcher
super,,5,2026-05-19,play_store,18.9.0,en,0,d87a723a-e485-4644-8583-a962ee795246,Groww,com.nextbillion.groww,google_play_public_no_login_fetcher
Nice 👍,,5,2026-05-19,play_store,18.8.1,en,0,5eaf006a-b65d-49b9-8cf6-18f4203f7787,Groww,com.nextbillion.groww,google_play_public_no_login_fetcher
easy to use,,5,2026-05-19,play_store,18.5.0,en,0,80673525-0853-437b-8264-40533d85623e,Groww,com.nextbillion.groww,google_play_public_no_login_fetcher
good,,5,2026-05-19,play_store,18.9.0,en,0,c3a23876-97f7-4c4b-ac92-e53e5b07b2c2,Groww,com.nextbillion.groww,google_play_public_no_login_fetcher
very nice and fantastic apps for investment in stock market,,5,2026-05-19,play_store,18.9.0,en,0,3a618ba8-e305-4583-ab45-d65deba04d08,Groww,com.nextbillion.groww,google_play_public_no_login_fetcher
good,,5,2026-05-19,play_store,18.7.1,en,0,6e3a9cad-acde-427e-983f-1c5313ae7456,Groww,com.nextbillion.groww,google_play_public_no_login_fetcher
good,,5,2026-05-19,play_store,18.9.0,en,0,4c55c6ed-1062-4d44-ad6e-3583fb418bcb,Groww,com.nextbillion.groww,google_play_public_no_login_fetcher
good,,5,2026-05-19,play_store,18.9.0,en,0,623474a3-ec32-43fc-bd0e-9ca73075fdd9,Groww,com.nextbillion.groww,google_play_public_no_login_fetcher
very nice.,,5,2026-05-19,play_store,18.9.0,en,0,a1fc8e61-f0e4-45d6-9bea-0ab64a46149f,Groww,com.nextbillion.groww,google_play_public_no_login_fetcher
very very nice,,5,2026-05-19,play_store,18.9.0,en,0,8601d1fc-ea94-4991-a18a-8d1266b66cd8,Groww,com.nextbillion.groww,google_play_public_no_login_fetcher
taking so much hidden charge on delivery and intraday trading #worstapp,,1,2026-05-19,play_store,,en,0,97922aa9-d7de-4fae-8fdd-d5841ead4c0c,Groww,com.nextbillion.groww,google_play_public_no_login_fetcher
"very high brokerage charges... my advice is don't waste your valuable money, time & don't spoil your mental health too.",,1,2026-05-19,play_store,18.9.0,en,0,47cd10de-8780-4d7a-809d-928b26b24c1d,Groww,com.nextbillion.groww,google_play_public_no_login_fetcher
good,,5,2026-05-19,play_store,18.9.0,en,0,8d9e35b6-5c3c-4398-bd9e-56edf9d2ad65,Groww,com.nextbillion.groww,google_play_public_no_login_fetcher
out standing,,5,2026-05-19,play_store,18.9.0,en,0,e3427440-f836-442a-8290-b77a491dbab3,Groww,com.nextbillion.groww,google_play_public_no_login_fetcher
it's awesome,,5,2026-05-19,play_store,18.9.0,en,0,ef8de613-307f-4324-ac52-c0b88064b98e,Groww,com.nextbillion.groww,google_play_public_no_login_fetcher
nice app,,5,2026-05-19,play_store,18.9.0,en,0,8d5ddd3e-4587-4f7b-809a-00b821ad0426,Groww,com.nextbillion.groww,google_play_public_no_login_fetcher
very good,,5,2026-05-19,play_store,18.9.0,en,0,0d29c0a7-d40b-4fe3-9f6d-30f09bec1236,Groww,com.nextbillion.groww,google_play_public_no_login_fetcher
good,,5,2026-05-19,play_store,18.8.1,en,0,3bec0da8-2d83-4cb8-ab33-b5535cdf690d,Groww,com.nextbillion.groww,google_play_public_no_login_fetcher
"worst app... peak time, application got hang, so much glitches, working not on time if i hv to exit on this moment it will execute after long time. need to improve app, i am going to uninstall it after all withdrawal 😡",,1,2026-05-19,play_store,16.73,en,0,a2f709a5-f113-44b9-a694-04d29240c734,Groww,com.nextbillion.groww,google_play_public_no_login_fetcher
Definitely depends on self interest... However.. for me it's interesting n helpful,,5,2026-05-19,play_store,18.8.1,en,0,8c0d1632-f2c5-4627-a8f3-83fb73d3a105,Groww,com.nextbillion.groww,google_play_public_no_login_fetcher
good,,5,2026-05-19,play_store,18.9.0,en,0,0ade1cad-45d9-44ec-b11d-6f592fb64b61,Groww,com.nextbillion.groww,google_play_public_no_login_fetcher
ok ok,,4,2026-05-19,play_store,18.9.0,en,0,12542e51-50ec-4c2c-87c8-28b0884df506,Groww,com.nextbillion.groww,google_play_public_no_login_fetcher
good,,1,2026-05-19,play_store,18.9.0,en,0,19711af4-8026-4d58-b889-3749b37b2320,Groww,com.nextbillion.groww,google_play_public_no_login_fetcher
gud,,5,2026-05-19,play_store,18.9.0,en,0,edff5ea1-15ad-46ad-bb2e-62f48b507876,Groww,com.nextbillion.groww,google_play_public_no_login_fetcher
service top class,,5,2026-05-19,play_store,18.9.0,en,0,bddfdebb-6ba6-45b2-9bcb-cae307a713c2,Groww,com.nextbillion.groww,google_play_public_no_login_fetcher
It's not good as a financial,,1,2026-05-19,play_store,18.9.0,en,0,bb6db9cf-ba2d-4cdf-b583-1a908bdb76bf,Groww,com.nextbillion.groww,google_play_public_no_login_fetcher
good 👍,,5,2026-05-19,play_store,17.31,en,0,eb3dadd8-8d3f-474b-a38f-23c03b59b744,Groww,com.nextbillion.groww,google_play_public_no_login_fetcher
good work 👍,,5,2026-05-19,play_store,18.9.0,en,0,5c174653-908a-4cef-ac05-3bed75b14a7a,Groww,com.nextbillion.groww,google_play_public_no_login_fetcher
Good 👍,,5,2026-05-19,play_store,18.9.0,en,0,0dfb9b0f-add6-450c-82e5-9f58d352573d,Groww,com.nextbillion.groww,google_play_public_no_login_fetcher
dear friends build your trust on this plateform you will never regret start from small test and see 🤩 I recommend you in the groww app family,,5,2026-05-19,play_store,18.9.0,en,0,229e7a5d-3d7f-43c8-b38b-8f1b8fd0e7ec,Groww,com.nextbillion.groww,google_play_public_no_login_fetcher
welcome to Groww,,5,2026-05-19,play_store,18.8.1,en,0,1d31dad1-0bda-45cd-9f75-170df070188c,Groww,com.nextbillion.groww,google_play_public_no_login_fetcher
best trading application ever!,,5,2026-05-19,play_store,18.9.0,en,0,9fcdf65e-6d05-4e99-8555-b0bd48102204,Groww,com.nextbillion.groww,google_play_public_no_login_fetcher
"so far, so good",,5,2026-05-19,play_store,18.9.0,en,0,aa0713fd-012a-4389-a95c-0013c62fadc7,Groww,com.nextbillion.groww,google_play_public_no_login_fetcher
Koe nahi hai takker me,,5,2026-05-19,play_store,18.9.0,en,0,e21fc55f-e58c-44b6-8e97-017ba388aaf0,Groww,com.nextbillion.groww,google_play_public_no_login_fetcher
"easy to operate, clear instructions given end of the day.",,5,2026-05-19,play_store,18.9.0,en,0,c8068870-a87a-40e3-916a-9043accfe74b,Groww,com.nextbillion.groww,google_play_public_no_login_fetcher
sheres rs dobul,,5,2026-05-19,play_store,18.7.1,en,0,c333c678-b6bf-41f2-9319-44661ae2fa5d,Groww,com.nextbillion.groww,google_play_public_no_login_fetcher
just starred a week back .quite excited,,5,2026-05-19,play_store,18.9.0,en,0,0f6ed2b5-4bf3-4a05-a6c7-94c259eeac0e,Groww,com.nextbillion.groww,google_play_public_no_login_fetcher
nice👍,,5,2026-05-19,play_store,18.9.0,en,0,c4c67459-b447-4325-8482-73d9d62e494c,Groww,com.nextbillion.groww,google_play_public_no_login_fetcher
Best app to learn mutual fund and stock market,,5,2026-05-19,play_store,18.9.0,en,0,24245a6a-2462-478f-8dd6-380c21ebda1e,Groww,com.nextbillion.groww,google_play_public_no_login_fetcher
good palace,,5,2026-05-19,play_store,18.6.1,en,0,d015317a-df36-435c-b947-8ff6fb691314,Groww,com.nextbillion.groww,google_play_public_no_login_fetcher
"It is very easy to use, and all matters are clear and transparent, leaving us with no significant risk of fraud or loss.",,5,2026-05-19,play_store,18.9.0,en,0,23df2b8d-00a2-4981-9699-1680a325b382,Groww,com.nextbillion.groww,google_play_public_no_login_fetcher
nice,,5,2026-05-19,play_store,18.9.0,en,0,a8ee65ac-376f-4068-b689-92629cdfe7e7,Groww,com.nextbillion.groww,google_play_public_no_login_fetcher
grow make really grow,,4,2026-05-19,play_store,16.64,en,0,0ce0c06a-6a38-4104-81b9-891b0c94e5fd,Groww,com.nextbillion.groww,google_play_public_no_login_fetcher
still good,,5,2026-05-19,play_store,18.8.1,en,0,5654d2a0-3cd7-4b68-93da-d845afd61267,Groww,com.nextbillion.groww,google_play_public_no_login_fetcher
nice,,5,2026-05-19,play_store,18.9.0,en,0,d4b8789c-0fcb-460a-a054-18843e8351e3,Groww,com.nextbillion.groww,google_play_public_no_login_fetcher
💰,,5,2026-05-19,play_store,18.9.0,en,0,42738719-789f-40d3-ae61-bef039aca09d,Groww,com.nextbillion.groww,google_play_public_no_login_fetcher
excellent trading app ...but trading taxes is little bit high,,5,2026-05-19,play_store,18.9.0,en,0,c73279f2-68f8-45d5-9561-a87a7827bca1,Groww,com.nextbillion.groww,google_play_public_no_login_fetcher
good,,5,2026-05-19,play_store,18.7.0,en,0,5a623aec-9b1f-41c0-b27f-dae892d64468,Groww,com.nextbillion.groww,google_play_public_no_login_fetcher
awesome,,5,2026-05-19,play_store,18.9.0,en,0,aae3f351-4591-4116-8c56-c650bd513ec6,Groww,com.nextbillion.groww,google_play_public_no_login_fetcher
good,,5,2026-05-19,play_store,18.9.0,en,0,44d309ec-e5a3-4ae6-82fe-2d054c8de6af,Groww,com.nextbillion.groww,google_play_public_no_login_fetcher
watch list option should be added,,4,2026-05-19,play_store,18.9.0,en,0,2e7f4561-4eb0-4976-a419-b1188ffe9ea5,Groww,com.nextbillion.groww,google_play_public_no_login_fetcher
good,,5,2026-05-19,play_store,18.9.0,en,0,3d8b77da-171f-4b67-b8c1-ef9c34a70899,Groww,com.nextbillion.groww,google_play_public_no_login_fetcher
Full Marks 100/100 💯,,5,2026-05-19,play_store,18.8.1,en,0,8580a785-5241-4eef-8b3e-a34b5b7ec75f,Groww,com.nextbillion.groww,google_play_public_no_login_fetcher
best app,,5,2026-05-19,play_store,18.9.0,en,0,c3c1dd77-a436-48c2-a287-33d3e1500940,Groww,com.nextbillion.groww,google_play_public_no_login_fetcher
nice,,5,2026-05-19,play_store,18.9.0,en,0,ed7a07cc-0bec-4351-abe7-b5d79a0e5130,Groww,com.nextbillion.groww,google_play_public_no_login_fetcher
best,,5,2026-05-19,play_store,18.9.0,en,0,e70c1cae-980a-4fb1-9a79-be2b499c4c87,Groww,com.nextbillion.groww,google_play_public_no_login_fetcher
good 👍,,5,2026-05-19,play_store,18.8.1,en,0,f8a302c0-67ab-4c96-af53-e9cdf26f0a38,Groww,com.nextbillion.groww,google_play_public_no_login_fetcher
good platform,,5,2026-05-19,play_store,18.9.0,en,0,4daa63a2-05f0-4780-a556-87ad05149023,Groww,com.nextbillion.groww,google_play_public_no_login_fetcher
Good,,5,2026-05-19,play_store,18.9.0,en,0,04924bd1-5cd8-4db7-8969-8ab3ac9b83c5,Groww,com.nextbillion.groww,google_play_public_no_login_fetcher
very good 💯,,5,2026-05-19,play_store,,en,0,73486f37-9e96-4e52-b3d8-eef3c256cd6f,Groww,com.nextbillion.groww,google_play_public_no_login_fetcher
good app,,5,2026-05-19,play_store,18.8.1,en,0,2a28cb1e-875a-4915-becf-d986b9c6ad9e,Groww,com.nextbillion.groww,google_play_public_no_login_fetcher
nice,,5,2026-05-19,play_store,18.9.0,en,0,bd8864f0-df5c-4471-83ae-2a289f17ce2a,Groww,com.nextbillion.groww,google_play_public_no_login_fetcher
Everything is the best.,,5,2026-05-19,play_store,18.9.0,en,0,e348068a-d213-437d-87eb-b9ff77dda38a,Groww,com.nextbillion.groww,google_play_public_no_login_fetcher
very nice analysis application,,5,2026-05-19,play_store,18.1.1,en,0,5c6608b1-f948-499d-9106-2e872345f582,Groww,com.nextbillion.groww,google_play_public_no_login_fetcher
very useful 👌,,5,2026-05-19,play_store,18.9.0,en,0,54826712-2827-4d98-a108-c9910e2d253e,Groww,com.nextbillion.groww,google_play_public_no_login_fetcher
this is real app,,5,2026-05-19,play_store,18.8.1,en,0,9f79ec93-09e0-4a86-9a9f-c703bb81e183,Groww,com.nextbillion.groww,google_play_public_no_login_fetcher
good job,,5,2026-05-19,play_store,18.6.1,en,0,587fec04-3e0a-481d-a9b0-7a1df94703b3,Groww,com.nextbillion.groww,google_play_public_no_login_fetcher
good,,5,2026-05-19,play_store,18.7.1,en,0,074fcdea-46e6-49bc-97d2-edd0d594e349,Groww,com.nextbillion.groww,google_play_public_no_login_fetcher
good,,5,2026-05-19,play_store,18.8.1,en,0,c3d8ea5e-fde2-4571-87ff-9af7289bea3a,Groww,com.nextbillion.groww,google_play_public_no_login_fetcher
best,,5,2026-05-19,play_store,18.9.0,en,0,389ed2f4-53d9-48c6-bd3c-3f57998838b2,Groww,com.nextbillion.groww,google_play_public_no_login_fetcher
👍,,4,2026-05-19,play_store,18.9.0,en,0,bf77f280-765d-4c14-a3c6-75e0814ba202,Groww,com.nextbillion.groww,google_play_public_no_login_fetcher
I would like to thank groww app because the app everything provide for the customer satisfaction and one more thing the group credit app is also good for the instant personal loan anytime anything you need just do it for grow credit,,5,2026-05-19,play_store,16.70,en,0,71754299-a974-4b51-924d-5734064130e6,Groww,com.nextbillion.groww,google_play_public_no_login_fetcher
"best app for stock market, bonds, trading and sip broker charge is high but provided facility outstanding.",,5,2026-05-19,play_store,18.8.1,en,0,fbe91849-fe5a-4275-9dd2-f623923a6d43,Groww,com.nextbillion.groww,google_play_public_no_login_fetcher
good,,5,2026-05-19,play_store,18.9.0,en,0,15ed2c81-091d-48d7-a128-d4bbf9ae7aa7,Groww,com.nextbillion.groww,google_play_public_no_login_fetcher
Exilent,,5,2026-05-19,play_store,18.9.0,en,0,b7a106da-48a0-45d5-b0ee-5d49a17bcb98,Groww,com.nextbillion.groww,google_play_public_no_login_fetcher
nice,,5,2026-05-19,play_store,18.9.0,en,0,730e11cb-20bf-4fc8-bec3-5e224431228b,Groww,com.nextbillion.groww,google_play_public_no_login_fetcher
nice working app,,5,2026-05-19,play_store,,en,0,2dd7443f-be8b-4b6b-b891-c04f2e7e8776,Groww,com.nextbillion.groww,google_play_public_no_login_fetcher
v good,,5,2026-05-19,play_store,18.7.1,en,0,52096051-57b5-408c-bf29-79161f9a8ce7,Groww,com.nextbillion.groww,google_play_public_no_login_fetcher
best for training 😉 I am a beginner and doing amazing with groww. Thankyou for such an awesome aap for Market 🙏,,5,2026-05-19,play_store,,en,0,3d1259b7-cffb-4b51-b65a-14f4d7da2ba5,Groww,com.nextbillion.groww,google_play_public_no_login_fetcher
amazing amazing easy step by grow,,4,2026-05-19,play_store,18.9.0,en,0,afc4c00d-ffe1-4d99-ac2b-f374f0416fec,Groww,com.nextbillion.groww,google_play_public_no_login_fetcher
Overall good work.,,5,2026-05-19,play_store,18.1.1,en,0,4569e963-0348-42bc-a0d8-c653d5dcd05a,Groww,com.nextbillion.groww,google_play_public_no_login_fetcher
good aap,,5,2026-05-19,play_store,18.9.0,en,0,05cc147a-9535-4100-942d-88278bc9a646,Groww,com.nextbillion.groww,google_play_public_no_login_fetcher
Nice app,,5,2026-05-19,play_store,18.9.0,en,0,eb1cd49d-814f-48c4-980f-c5081fcb5a1a,Groww,com.nextbillion.groww,google_play_public_no_login_fetcher
easy to understand,,5,2026-05-19,play_store,18.9.0,en,0,9ed3f9c7-b36c-4a30-9134-232ac74b3242,Groww,com.nextbillion.groww,google_play_public_no_login_fetcher
good and friendly interface,,5,2026-05-19,play_store,18.9.0,en,0,477bcf62-dc82-4f98-b4f8-41868867f481,Groww,com.nextbillion.groww,google_play_public_no_login_fetcher
very nice platfrom,,5,2026-05-19,play_store,18.9.0,en,0,71be6b98-28c2-44e7-b0a3-90eb2d9d4c64,Groww,com.nextbillion.groww,google_play_public_no_login_fetcher
the Best,,5,2026-05-19,play_store,18.9.0,en,0,ec640815-aa60-4989-b779-fd84c39538f3,Groww,com.nextbillion.groww,google_play_public_no_login_fetcher
bahut acha,,5,2026-05-19,play_store,18.9.0,en,0,54876d4b-3595-4f73-bb58-a9f830f331de,Groww,com.nextbillion.groww,google_play_public_no_login_fetcher
Daily updates are not good.,,3,2026-05-19,play_store,18.9.0,en,0,7ca3571f-2c10-4455-bcf0-b81af21011c9,Groww,com.nextbillion.groww,google_play_public_no_login_fetcher
This is the best broker ever I have seen,,5,2026-05-19,play_store,18.9.0,en,0,78fa6754-4c76-48e0-8146-3194ea90ddc2,Groww,com.nextbillion.groww,google_play_public_no_login_fetcher
good btw,,5,2026-05-19,play_store,18.9.0,en,0,82157e33-401c-4b1d-8bbc-a482d272976f,Groww,com.nextbillion.groww,google_play_public_no_login_fetcher
user friendly app,,5,2026-05-19,play_store,18.9.0,en,0,3b1a3138-8811-47cd-a3e8-b323e7dae4c6,Groww,com.nextbillion.groww,google_play_public_no_login_fetcher
good,,5,2026-05-19,play_store,18.9.0,en,0,9bd39ca8-fb1e-457b-a8d0-83753adc18ae,Groww,com.nextbillion.groww,google_play_public_no_login_fetcher
very nice,,5,2026-05-19,play_store,18.9.0,en,0,ab96854a-3500-4b32-9de2-2da716b2102b,Groww,com.nextbillion.groww,google_play_public_no_login_fetcher
good app,,5,2026-05-19,play_store,18.9.0,en,0,cf503c21-9151-45c9-82e1-aad38c9fee1b,Groww,com.nextbillion.groww,google_play_public_no_login_fetcher
good app,,4,2026-05-19,play_store,18.8.1,en,0,85786189-e7b9-4c37-8c6d-b8d18a5f3090,Groww,com.nextbillion.groww,google_play_public_no_login_fetcher
very nice,,5,2026-05-19,play_store,18.9.0,en,0,eb8845c5-6372-4a84-b3b9-d39a45763c64,Groww,com.nextbillion.groww,google_play_public_no_login_fetcher
good 👍,,5,2026-05-19,play_store,18.9.0,en,0,3bc7d456-f09a-46c7-9aca-7840b98ab7f9,Groww,com.nextbillion.groww,google_play_public_no_login_fetcher
perfect,,5,2026-05-19,play_store,18.9.0,en,0,d714b4b8-5256-4dc9-a1e9-814304eabefc,Groww,com.nextbillion.groww,google_play_public_no_login_fetcher
"Dear Groww Team, It’s appreciated that you regularly bring updates and improvements to the app. However, in the recent update, the size of the Nifty 50 and Sensex view options have been reduced. Kindly make those buttons/options slightly bigger and easier to click, as they are important features that users access frequently. A larger and more visible touch area would improve the overall user experience. Thank you.",,5,2026-05-19,play_store,18.9.0,en,1,43b62689-1350-4ca0-98e5-2638a42d3a9e,Groww,com.nextbillion.groww,google_play_public_no_login_fetcher
wonderful experience..,,5,2026-05-19,play_store,18.9.0,en,0,0307ebb6-aa04-49e5-8cd3-e8a5a09b4a12,Groww,com.nextbillion.groww,google_play_public_no_login_fetcher
"Very bad app, a lot of money is charged, no refund",,1,2026-05-19,play_store,18.9.0,en,1,301f50e9-4bc9-4db6-bd1f-6abbfb16596a,Groww,com.nextbillion.groww,google_play_public_no_login_fetcher
good,,4,2026-05-19,play_store,18.0.0,en,0,bf64f2e6-38e6-408d-8b97-300a336b2fcc,Groww,com.nextbillion.groww,google_play_public_no_login_fetcher
good,,5,2026-05-19,play_store,18.9.0,en,0,d331e9be-dcab-4947-a174-7d7145a59539,Groww,com.nextbillion.groww,google_play_public_no_login_fetcher
very good,,5,2026-05-19,play_store,18.9.0,en,0,14028789-d1c1-4b7d-b844-e97d239d7d22,Groww,com.nextbillion.groww,google_play_public_no_login_fetcher
good App,,5,2026-05-19,play_store,18.8.1,en,0,2aa8bbd2-4a8d-4f01-8a65-ded7cd5e40ed,Groww,com.nextbillion.groww,google_play_public_no_login_fetcher
mast,,5,2026-05-19,play_store,18.9.0,en,0,09cae085-e2b9-45b9-9f04-4abb2dd2d523,Groww,com.nextbillion.groww,google_play_public_no_login_fetcher
amazing,,5,2026-05-19,play_store,18.8.1,en,0,29ce3c6a-8b78-4c3a-805c-c136ed86741f,Groww,com.nextbillion.groww,google_play_public_no_login_fetcher
"I don't know, I'm first time here n I'm satisfied",,5,2026-05-19,play_store,18.9.0,en,0,1acf38bd-ead0-4cfe-b4aa-302ba6ed63a0,Groww,com.nextbillion.groww,google_play_public_no_login_fetcher
very good,,5,2026-05-19,play_store,18.9.0,en,0,4324fd84-65cc-4cee-9758-87745ffdb947,Groww,com.nextbillion.groww,google_play_public_no_login_fetcher
until now good,,5,2026-05-19,play_store,18.9.0,en,0,bf23d7b2-ccf8-43f7-beac-56654feafcec,Groww,com.nextbillion.groww,google_play_public_no_login_fetcher
okay,,5,2026-05-19,play_store,18.9.0,en,0,e9e16b1b-2bca-43f1-91fd-8a96be2da2fe,Groww,com.nextbillion.groww,google_play_public_no_login_fetcher
good experience with this selling buying was too simple and it's good application for beginners to start investing today,,5,2026-05-19,play_store,18.9.0,en,0,e703d8cd-6268-4108-9835-ee89c67f10ef,Groww,com.nextbillion.groww,google_play_public_no_login_fetcher
thank you,,5,2026-05-19,play_store,18.1.1,en,0,71667953-dd59-44d0-951e-1221caa96efe,Groww,com.nextbillion.groww,google_play_public_no_login_fetcher
nice app,,5,2026-05-18,play_store,18.9.0,en,0,00d1a36f-4c02-4712-af19-1ab8316ef773,Groww,com.nextbillion.groww,google_play_public_no_login_fetcher
liked it,,5,2026-05-18,play_store,,en,0,1e767a27-2194-453b-b1c5-1e1d0d31317d,Groww,com.nextbillion.groww,google_play_public_no_login_fetcher
VERRY GOOD AND EASY USE,,5,2026-05-18,play_store,18.9.0,en,0,6baf8ac9-6f85-4af5-bfa9-5ec4b3b46556,Groww,com.nextbillion.groww,google_play_public_no_login_fetcher
it's very easy to use,,5,2026-05-18,play_store,18.7.1,en,0,b0b76c35-5a40-4211-aeea-542d088de93e,Groww,com.nextbillion.groww,google_play_public_no_login_fetcher
super,,5,2026-05-18,play_store,,en,0,0290368a-c8b1-49c1-b7ad-ab502b4e21d6,Groww,com.nextbillion.groww,google_play_public_no_login_fetcher
very good,,5,2026-05-18,play_store,18.9.0,en,0,911fc54e-781c-4f09-8a4f-23cb4bcb2b72,Groww,com.nextbillion.groww,google_play_public_no_login_fetcher
nice 👍🏻,,4,2026-05-18,play_store,18.8.1,en,0,aad525ca-08b7-43ac-9d26-9cb9dcad5e11,Groww,com.nextbillion.groww,google_play_public_no_login_fetcher
thrid class credit app and process fees to much costly and to much highly interest rate,,1,2026-05-18,play_store,18.9.0,en,2,f4469611-314e-4a32-8fd8-a8ea71fc1277,Groww,com.nextbillion.groww,google_play_public_no_login_fetcher
Groww customer call service is pathetic nobody is take your query calls and there is a an issue as well in this application because unable to raise 2 or more query tickets. It shows ticket raised but the actual ticket is not showed anywhere in this application.,,3,2026-05-18,play_store,18.9.0,en,9,28d6b5f6-cad3-4d65-9e56-b859f24f187c,Groww,com.nextbillion.groww,google_play_public_no_login_fetcher
💯,,5,2026-05-18,play_store,18.8.1,en,0,54a66f3c-4285-402d-93b6-c9279d7f1b15,Groww,com.nextbillion.groww,google_play_public_no_login_fetcher
"Very poor experience with Groww commodity trading. Chart candles lag and don’t match actual market price, leading to wrong entries. I placed trades based on support/candles, but price had already moved. Even after raising multiple complaints, there is no proper support or resolution. Not reliable for commodity trading.",,1,2026-05-18,play_store,18.9.0,en,1,e7b943d5-4d97-4391-a14c-c56ae3194acc,Groww,com.nextbillion.groww,google_play_public_no_login_fetcher
bad,,1,2026-05-18,play_store,18.8.1,en,1,72966660-540b-4423-8d12-4a48e3bfa8a2,Groww,com.nextbillion.groww,google_play_public_no_login_fetcher
good,,5,2026-05-18,play_store,,en,0,b3dcf14c-54be-4d53-ba0c-95215295e714,Groww,com.nextbillion.groww,google_play_public_no_login_fetcher
good app,,5,2026-05-18,play_store,18.8.1,en,0,e20eeee3-7267-4289-9719-9177f56bbf2c,Groww,com.nextbillion.groww,google_play_public_no_login_fetcher
nice app,,5,2026-05-18,play_store,18.9.0,en,0,2d6b2e81-ca61-41af-ae73-a10a8ea32e48,Groww,com.nextbillion.groww,google_play_public_no_login_fetcher
good app,,5,2026-05-18,play_store,18.8.1,en,0,4a40bd58-0a91-45c9-9497-11909530bd29,Groww,com.nextbillion.groww,google_play_public_no_login_fetcher
very useful easy to use,,5,2026-05-18,play_store,18.9.0,en,0,7c743686-a9b7-4701-9c31-3a12aca0bbd8,Groww,com.nextbillion.groww,google_play_public_no_login_fetcher
I didn't receive my money yet. I checked my bank statement and everything. I tired to contact support team and everyone is saying wait 48 hrs since 6 may and today is 18 may. And my money is invested in Mutual fund they are saying we sent money. I tired everything I didn't receive my funds...,,1,2026-05-18,play_store,,en,0,8e935d0e-7df2-4943-9a58-07d280dcae96,Groww,com.nextbillion.groww,google_play_public_no_login_fetcher
nise,,5,2026-05-18,play_store,18.9.0,en,0,cdec53b9-7d2a-461f-99c5-55df0d083af9,Groww,com.nextbillion.groww,google_play_public_no_login_fetcher
very good 👍,,5,2026-05-18,play_store,18.8.1,en,0,44a9ed5f-e25f-456e-9a1e-e8948ce88ee0,Groww,com.nextbillion.groww,google_play_public_no_login_fetcher
excellent,,5,2026-05-18,play_store,18.9.0,en,0,c7cece0a-0bcc-41d5-abaa-f244d14eef5c,Groww,com.nextbillion.groww,google_play_public_no_login_fetcher
good app for investing,,4,2026-05-18,play_store,18.9.0,en,0,1f1d6068-23a4-4d73-8dbb-0b707334133c,Groww,com.nextbillion.groww,google_play_public_no_login_fetcher
good,,5,2026-05-18,play_store,18.7.1,en,0,4a756b73-5908-43cf-896b-98bfb7d01da1,Groww,com.nextbillion.groww,google_play_public_no_login_fetcher
"Groww is one of the best trading and investing apps I’ve used. The interface is clean, beginner-friendly, and very smooth to navigate. Opening stocks, mutual funds, SIPs, and even F&O trading is simple and fast. I also like how transparent the app feels with charges and portfolio tracking. Customer support and updates have improved a lot too. Great app for both beginners and experienced investors. Highly recommended!",,5,2026-05-18,play_store,18.9.0,en,0,dad78c95-daa0-4bfb-be8f-8f5650be45dc,Groww,com.nextbillion.groww,google_play_public_no_login_fetcher
bhai jab market movement jayda hoti hei tabhi grow app stop ho jata hei why? phir hata ke wapas open karna padta hei app ko,,1,2026-05-18,play_store,,en,1,d2d96c53-ef20-4a06-9d25-3f2d74656bc7,Groww,com.nextbillion.groww,google_play_public_no_login_fetcher
good,,5,2026-05-18,play_store,18.9.0,en,0,59a959c6-5bf4-44af-b3fe-4bd19a04f623,Groww,com.nextbillion.groww,google_play_public_no_login_fetcher
acha apps hai,,5,2026-05-18,play_store,,en,0,da22476e-c32d-40ae-b607-005ac52e2428,Groww,com.nextbillion.groww,google_play_public_no_login_fetcher
that's Good,,5,2026-05-18,play_store,18.9.0,en,0,9c5a49d6-bd6f-42b6-b5d2-7e97c928f913,Groww,com.nextbillion.groww,google_play_public_no_login_fetcher
add a way to check the overlap between various funds in some comparison section and allow large number of funds to be compared simultaneously. this is a very basic thing.,,4,2026-05-18,play_store,18.9.0,en,1,e7bb449c-24e9-417f-9f80-e1351916923c,Groww,com.nextbillion.groww,google_play_public_no_login_fetcher
Good,,3,2026-05-18,play_store,18.7.1,en,0,85f5d095-98b2-44e8-af90-9aff403d5836,Groww,com.nextbillion.groww,google_play_public_no_login_fetcher
great,,5,2026-05-18,play_store,18.8.1,en,0,7b3e2a79-d85b-43b7-be11-196b9003993c,Groww,com.nextbillion.groww,google_play_public_no_login_fetcher
easy,,5,2026-05-18,play_store,18.9.0,en,0,66d5829f-d735-4db4-b083-86031d89d7f4,Groww,com.nextbillion.groww,google_play_public_no_login_fetcher
"I am facing significant difficulties in correcting my name on my Groww account. Even the customer support representatives are giving conflicting information—telling me to fill out a form and mail it to their office, and stating that the name change process will take 10 to 15 days. I earnestly request Groww to introduce an online option for name changes so that users do not have to go through such hassle. I also hold an account with Angle One, where my name was successfully updated online 1 hour",,1,2026-05-18,play_store,18.9.0,en,0,242236e3-73d9-432f-ae14-7187b090472b,Groww,com.nextbillion.groww,google_play_public_no_login_fetcher
good,,4,2026-05-18,play_store,18.9.0,en,0,c7fc1000-28ad-4253-91a3-14f1c3258c2d,Groww,com.nextbillion.groww,google_play_public_no_login_fetcher
good,,5,2026-05-18,play_store,18.9.0,en,0,a7fd8615-b404-4980-ac0e-2b1706d3d5a7,Groww,com.nextbillion.groww,google_play_public_no_login_fetcher
Good 👍,,5,2026-05-18,play_store,18.9.0,en,0,1d0de1a3-a6c8-4678-afe1-91b5b061c8e1,Groww,com.nextbillion.groww,google_play_public_no_login_fetcher
nice you,,5,2026-05-18,play_store,18.9.0,en,0,297ebd19-ac86-4b27-98fa-f2dd0690103b,Groww,com.nextbillion.groww,google_play_public_no_login_fetcher
very nice,,5,2026-05-18,play_store,18.6.1,en,0,3130f1e1-5591-48da-a143-c764a5bf29a9,Groww,com.nextbillion.groww,google_play_public_no_login_fetcher
nice,,5,2026-05-18,play_store,18.8.1,en,0,dbff986f-b2e2-40a8-8534-3a4ceab690f4,Groww,com.nextbillion.groww,google_play_public_no_login_fetcher
good,,5,2026-05-18,play_store,18.9.0,en,0,4b88df38-61af-4469-a81e-22d6595b93f1,Groww,com.nextbillion.groww,google_play_public_no_login_fetcher
gud.,,4,2026-05-18,play_store,18.9.0,en,0,7d8ca3fa-e10b-45d5-ae2f-a6c4627a8f0b,Groww,com.nextbillion.groww,google_play_public_no_login_fetcher
This is app is now a big fraud manipulated Application please delete guys this is cheater,,1,2026-05-18,play_store,18.9.0,en,1,234461f6-4b41-4e23-a74b-d00a1c8313b4,Groww,com.nextbillion.groww,google_play_public_no_login_fetcher
good,,5,2026-05-18,play_store,18.9.0,en,1,fad050ce-44a7-4b49-8fb3-eb87669195af,Groww,com.nextbillion.groww,google_play_public_no_login_fetcher
good app,,5,2026-05-18,play_store,,en,0,fef8009e-c081-4978-b29b-8f78b515554e,Groww,com.nextbillion.groww,google_play_public_no_login_fetcher
good 👍,,5,2026-05-18,play_store,18.8.1,en,0,fbf12aba-0dfd-472d-bab9-b413a195f22c,Groww,com.nextbillion.groww,google_play_public_no_login_fetcher
worst platform ever to trade and worst customer service lots of glitches and order doesn't execute on time,,1,2026-05-18,play_store,18.9.0,en,1,1b216ee8-55f6-4958-91b2-bdea20830b61,Groww,com.nextbillion.groww,google_play_public_no_login_fetcher
very good,,5,2026-05-18,play_store,18.9.0,en,0,e1d2155c-4458-4a3e-9b07-8acbfdae49ae,Groww,com.nextbillion.groww,google_play_public_no_login_fetcher
nice,,4,2026-05-18,play_store,18.9.0,en,0,3745109c-bf8d-48f0-9003-ea1b2bd78e85,Groww,com.nextbillion.groww,google_play_public_no_login_fetcher
slow apps chalta hai,,2,2026-05-18,play_store,18.9.0,en,0,8e3e1dca-8476-41f1-97f4-4215ca676556,Groww,com.nextbillion.groww,google_play_public_no_login_fetcher
har 2 din me update upar se interface bhi bekar aur brokerage charge bhi bahut jyada 😕,,1,2026-05-18,play_store,18.7.1,en,0,b41b82cb-d9b9-40fc-aa05-4d33670cbbef,Groww,com.nextbillion.groww,google_play_public_no_login_fetcher
Most promising.Wishing the best of fund industry.,,5,2026-05-18,play_store,18.9.0,en,0,b386ab6c-a221-46d0-99d4-0b34954de6e7,Groww,com.nextbillion.groww,google_play_public_no_login_fetcher
good,,5,2026-05-18,play_store,18.7.1,en,0,f68c6187-0d67-42f6-a679-38e16fe28b10,Groww,com.nextbillion.groww,google_play_public_no_login_fetcher
amazing app.,,5,2026-05-18,play_store,18.9.0,en,0,00df6ddf-3f9f-462a-bea7-6e654a7d073f,Groww,com.nextbillion.groww,google_play_public_no_login_fetcher
nice,,5,2026-05-18,play_store,18.9.0,en,0,76947d77-7523-48a0-bca0-6adce17d4232,Groww,com.nextbillion.groww,google_play_public_no_login_fetcher
not interested in this app,,5,2026-05-18,play_store,,en,0,774b011c-45f6-4ff9-abeb-8aafcc83ed34,Groww,com.nextbillion.groww,google_play_public_no_login_fetcher
gud,,5,2026-05-18,play_store,18.9.0,en,0,71ae5658-c423-4836-b2bd-3fe3f90c92b6,Groww,com.nextbillion.groww,google_play_public_no_login_fetcher
very easy app,,5,2026-05-18,play_store,18.9.0,en,0,2b612701-c226-4dbf-ad3c-eba51dd31e05,Groww,com.nextbillion.groww,google_play_public_no_login_fetcher
Best,,5,2026-05-18,play_store,18.5.0,en,0,55f526e9-bffe-4f6b-be9a-ca915f1285c4,Groww,com.nextbillion.groww,google_play_public_no_login_fetcher
let's grow up,,5,2026-05-18,play_store,18.9.0,en,0,3ae2a4fd-1403-4683-aded-a03e35f2f3e0,Groww,com.nextbillion.groww,google_play_public_no_login_fetcher
easy to trade and understand,,5,2026-05-18,play_store,18.8.1,en,0,2c0bf834-f133-44b9-8523-63b0b2bc9c70,Groww,com.nextbillion.groww,google_play_public_no_login_fetcher
The worst app is hanging up when the index gets up or downwards.,,1,2026-05-18,play_store,18.9.0,en,0,c0410b9a-68c1-486a-bed9-b8680c16627e,Groww,com.nextbillion.groww,google_play_public_no_login_fetcher
best beginners app,,4,2026-05-18,play_store,18.8.1,en,0,4f2de505-0c9c-48cb-86dc-c5454b72e9bc,Groww,com.nextbillion.groww,google_play_public_no_login_fetcher
all process good,,5,2026-05-18,play_store,18.9.0,en,0,61334b42-b275-453b-8cb4-355d3172ea09,Groww,com.nextbillion.groww,google_play_public_no_login_fetcher
awesome,,5,2026-05-18,play_store,18.9.0,en,0,570050e3-f3f9-4af1-a56b-68e48c348c83,Groww,com.nextbillion.groww,google_play_public_no_login_fetcher
"easy use, no withdraw issue, instant deposit, easy searc hand find out, also get your profit loss report.",,5,2026-05-18,play_store,18.9.0,en,0,03d8ea37-3544-4e02-aeda-851372522169,Groww,com.nextbillion.groww,google_play_public_no_login_fetcher
good,,5,2026-05-18,play_store,18.9.0,en,0,a1bd6e18-0348-4a1c-afde-e301260a9016,Groww,com.nextbillion.groww,google_play_public_no_login_fetcher
perfect 👌,,5,2026-05-18,play_store,18.9.0,en,0,4e883d26-25d1-4a96-b03a-983a16e5d430,Groww,com.nextbillion.groww,google_play_public_no_login_fetcher
nice groww,,5,2026-05-18,play_store,18.9.0,en,0,9a819859-c40a-4873-93ed-310b0161e9ad,Groww,com.nextbillion.groww,google_play_public_no_login_fetcher
very bad app for trading,,1,2026-05-18,play_store,18.9.0,en,0,4f19c357-12f1-4a7f-a816-eca15661d48d,Groww,com.nextbillion.groww,google_play_public_no_login_fetcher
good,,5,2026-05-18,play_store,18.9.0,en,0,7c0bb84b-5755-4a8c-977e-77aaa7fd26d0,Groww,com.nextbillion.groww,google_play_public_no_login_fetcher
good,,4,2026-05-18,play_store,18.9.0,en,0,41e073ac-9056-4a25-aae7-1c44f7ffaab5,Groww,com.nextbillion.groww,google_play_public_no_login_fetcher
good app,,5,2026-05-18,play_store,18.9.0,en,0,428f79b9-b148-41c6-b479-26ccdb3926d3,Groww,com.nextbillion.groww,google_play_public_no_login_fetcher
the most pathetic website for novices like me...they keep on refunding my money saying that the stock price is more even though I have added money into my account for this purpose...I also am unable to sell my shares becos none of their agents respond to my chat queries..they close the chat even though I say I am not satisfied...I don't know how to get out of this....cheee,,1,2026-05-18,play_store,18.9.0,en,0,d18a1b56-9f86-490e-b1bc-55faaf1f00ac,Groww,com.nextbillion.groww,google_play_public_no_login_fetcher
good,,5,2026-05-18,play_store,18.9.0,en,0,b94aa8c9-221d-4786-80d0-9d34dab15470,Groww,com.nextbillion.groww,google_play_public_no_login_fetcher
Superb Service,,5,2026-05-18,play_store,18.9.0,en,0,c5dda48a-989b-4e42-abd6-f583c3f248b4,Groww,com.nextbillion.groww,google_play_public_no_login_fetcher
good,,5,2026-05-18,play_store,18.9.0,en,0,5071de34-4c82-4ada-a35b-e971780af912,Groww,com.nextbillion.groww,google_play_public_no_login_fetcher
good,,5,2026-05-18,play_store,,en,0,e77da4ed-14ae-4211-9332-9edf127c1d28,Groww,com.nextbillion.groww,google_play_public_no_login_fetcher
very bad experience hang so much,,1,2026-05-18,play_store,18.9.0,en,0,eecca4f9-fc06-4397-882e-d87e5404d5ba,Groww,com.nextbillion.groww,google_play_public_no_login_fetcher
"app is good , much better than other up.But today it makes me disappointed, I saw the news section, a good news that was just 8minutes ago,so I bought in bulk. But in the news section of the stock , it was the same news but 8 hours ago. at one place in news section u are mentioning 8minutes and at other place in that stock news section 8 hours ago news. any one will buy that they got news early, hoping the stock price will go up.but u come to know that, stock has already rallied due to news ,😞.",,2,2026-05-18,play_store,,en,0,894e9724-d9f9-46ac-af21-abd8aaaa22b5,Groww,com.nextbillion.groww,google_play_public_no_login_fetcher
great 👍,,5,2026-05-18,play_store,18.9.0,en,0,00fea433-5ae3-44c7-91ef-a3a1307d878c,Groww,com.nextbillion.groww,google_play_public_no_login_fetcher
groww wale ke thoda Thoda khujli hota hai sayed. financial performance mein itna faltu update kiya bar bar click korke price check karna padta hai. simple ko kese complicated kar rehi ho. Apne jo revenue or profit ka graph diya hai uske upar amount likh do sehi ho jeyega. nehi to no1 se no5 ane mein der nehi lagega,,3,2026-05-18,play_store,,en,0,4f229ebb-105c-41fc-bb98-f99f94282ac4,Groww,com.nextbillion.groww,google_play_public_no_login_fetcher
excellent Groww,,5,2026-05-18,play_store,18.9.0,en,0,301b91d4-43e9-4791-ae79-c1445ad2e0e5,Groww,com.nextbillion.groww,google_play_public_no_login_fetcher
nice apps,,5,2026-05-18,play_store,18.9.0,en,0,9f11dbcd-447b-49b9-99b7-12b26d8b6771,Groww,com.nextbillion.groww,google_play_public_no_login_fetcher
nice,,5,2026-05-18,play_store,18.9.0,en,0,3e2a6461-6b5d-44cd-8e3c-30d8347a5f74,Groww,com.nextbillion.groww,google_play_public_no_login_fetcher
how do I change mobile number i lost my phone or sim card no access old account,,5,2026-05-18,play_store,,en,0,b662cdbd-77e9-47a0-9821-344f1cc9aa23,Groww,com.nextbillion.groww,google_play_public_no_login_fetcher
bad,,1,2026-05-18,play_store,,en,0,1b8832b5-f77e-4647-bf99-2ac2d3b4858e,Groww,com.nextbillion.groww,google_play_public_no_login_fetcher
Reliable and best,,5,2026-05-18,play_store,18.9.0,en,0,2caf412f-38b0-40e1-8f62-b44e1ec7bf1d,Groww,com.nextbillion.groww,google_play_public_no_login_fetcher
good experience ❤️,,5,2026-05-18,play_store,18.9.0,en,0,8b04bbc3-2272-433a-8675-fcdc04fccb91,Groww,com.nextbillion.groww,google_play_public_no_login_fetcher
good,,5,2026-05-18,play_store,18.9.0,en,0,16bcbc64-1381-4591-ab53-4b0cdff06aea,Groww,com.nextbillion.groww,google_play_public_no_login_fetcher
good,,5,2026-05-18,play_store,18.9.0,en,0,67f35503-8350-41ee-a3c4-601c8b59929d,Groww,com.nextbillion.groww,google_play_public_no_login_fetcher
good,,5,2026-05-18,play_store,18.9.0,en,0,411af9c3-acc0-4355-814b-7ff0e8aec5ab,Groww,com.nextbillion.groww,google_play_public_no_login_fetcher
nice trading flatform,,4,2026-05-18,play_store,18.9.0,en,0,0af1f0c3-458e-4ebd-9ca1-d112bc184ad2,Groww,com.nextbillion.groww,google_play_public_no_login_fetcher
good,,5,2026-05-18,play_store,18.9.0,en,1,221c9261-db37-494d-a67b-5403869cd069,Groww,com.nextbillion.groww,google_play_public_no_login_fetcher
ALERT notification not working. other notification coming in groww but not alerts it's enabled in setting but not coming it's happening again,,1,2026-05-18,play_store,18.9.0,en,298,5ba678a2-1e12-4434-92bf-8c4dca50228e,Groww,com.nextbillion.groww,google_play_public_no_login_fetcher
what is very good 👍,,5,2026-05-18,play_store,18.5.0,en,0,cb9c57be-0d28-4c9b-a89c-f81f7321f45c,Groww,com.nextbillion.groww,google_play_public_no_login_fetcher
because of hidden charges 😭,,1,2026-05-18,play_store,17.40,en,0,3c7ecf5f-d0a4-457d-a475-b480010b2232,Groww,com.nextbillion.groww,google_play_public_no_login_fetcher
good,,5,2026-05-18,play_store,18.8.1,en,0,fb178b72-fcac-43c4-9f88-ee989b301430,Groww,com.nextbillion.groww,google_play_public_no_login_fetcher
supar,,5,2026-05-18,play_store,18.9.0,en,0,519e902a-0658-4f8d-a76b-2e96f8b2df25,Groww,com.nextbillion.groww,google_play_public_no_login_fetcher
Nice App,,5,2026-05-18,play_store,18.7.1,en,0,e57a666a-1328-41a3-b110-f8d1b9aa0654,Groww,com.nextbillion.groww,google_play_public_no_login_fetcher
good apps,,5,2026-05-18,play_store,18.8.1,en,0,f0707340-75c6-4ae0-9634-b50d535c6b92,Groww,com.nextbillion.groww,google_play_public_no_login_fetcher
best app,,5,2026-05-18,play_store,18.9.0,en,0,272527ac-cd80-477b-b20a-8e71e132dfc1,Groww,com.nextbillion.groww,google_play_public_no_login_fetcher
super,,5,2026-05-18,play_store,18.9.0,en,0,b524cbb7-2eef-4146-ba97-7c982caf7052,Groww,com.nextbillion.groww,google_play_public_no_login_fetcher
user friendly,,5,2026-05-18,play_store,18.9.0,en,0,07470d52-70b4-427a-849e-158f9b3cf8e3,Groww,com.nextbillion.groww,google_play_public_no_login_fetcher
amazing 😍😍 hai,,5,2026-05-18,play_store,16.96,en,0,f43eed39-c21b-4135-a207-3cae8c036701,Groww,com.nextbillion.groww,google_play_public_no_login_fetcher
good💯,,5,2026-05-18,play_store,18.9.0,en,0,ae8ff76b-9f19-4fa2-a69b-69e3e74deafc,Groww,com.nextbillion.groww,google_play_public_no_login_fetcher
good,,5,2026-05-18,play_store,18.9.0,en,0,086147df-2b19-447e-b9e2-aa12d0b12699,Groww,com.nextbillion.groww,google_play_public_no_login_fetcher
good,,5,2026-05-18,play_store,18.6.1,en,0,0af739af-dfd8-4715-bd3d-6f1497e1f200,Groww,com.nextbillion.groww,google_play_public_no_login_fetcher
good,,3,2026-05-18,play_store,,en,0,e5406f09-9e00-4575-b8db-8b6dedf0329e,Groww,com.nextbillion.groww,google_play_public_no_login_fetcher
very very very very worst app and platform.,,1,2026-05-18,play_store,18.9.0,en,0,7518110d-e832-4776-a138-79332ed5d252,Groww,com.nextbillion.groww,google_play_public_no_login_fetcher
Good App grow my use aftar four year but charges thoda kum katna chahiye,,4,2026-05-18,play_store,18.9.0,en,0,3e459220-eae2-4aaa-9e21-bb391a7ca963,Groww,com.nextbillion.groww,google_play_public_no_login_fetcher
Good 😍💯,,5,2026-05-18,play_store,18.9.0,en,0,b256b6fa-2c09-4997-a147-bd73b5fa0572,Groww,com.nextbillion.groww,google_play_public_no_login_fetcher
very good,,5,2026-05-18,play_store,18.9.0,en,0,571e4888-a315-4639-bd47-7a47410f9b94,Groww,com.nextbillion.groww,google_play_public_no_login_fetcher
